node;filiere1;filiere2;filiere3;trajectoire;date;capacite;date_BP_num
at;enr;biogas;biogas;bas;2026;0;2025
be;enr;biogas;biogas;bas;2026;0;2025
ch;enr;biogas;biogas;bas;2026;0;2025
de;enr;biogas;biogas;bas;2026;4998;2025
es;enr;biogas;biogas;bas;2026;0;2025
fr;enr;biogas;biogas;bas;2026;658;2025
gb;enr;biogas;biogas;bas;2026;1614;2025
ie;enr;biogas;biogas;bas;2026;0;2025
ni;enr;biogas;biogas;bas;2026;0;2025
it;enr;biogas;biogas;bas;2026;0;2025
lu;enr;biogas;biogas;bas;2026;0;2025
nl;enr;biogas;biogas;bas;2026;0;2025
pt;enr;biogas;biogas;bas;2026;0;2025
at;enr;biogas;biogas;haut;2026;0;2025
be;enr;biogas;biogas;haut;2026;0;2025
ch;enr;biogas;biogas;haut;2026;0;2025
de;enr;biogas;biogas;haut;2026;6198;2025
es;enr;biogas;biogas;haut;2026;0;2025
fr;enr;biogas;biogas;haut;2026;928;2025
gb;enr;biogas;biogas;haut;2026;1964;2025
ie;enr;biogas;biogas;haut;2026;0;2025
ni;enr;biogas;biogas;haut;2026;0;2025
it;enr;biogas;biogas;haut;2026;0;2025
lu;enr;biogas;biogas;haut;2026;0;2025
nl;enr;biogas;biogas;haut;2026;0;2025
pt;enr;biogas;biogas;haut;2026;0;2025
at;enr;biogas;biogas;moyen;2026;0;2025
be;enr;biogas;biogas;moyen;2026;0;2025
ch;enr;biogas;biogas;moyen;2026;0;2025
de;enr;biogas;biogas;moyen;2026;5748;2025
es;enr;biogas;biogas;moyen;2026;0;2025
fr;enr;biogas;biogas;moyen;2026;748;2025
gb;enr;biogas;biogas;moyen;2026;1789;2025
ie;enr;biogas;biogas;moyen;2026;0;2025
ni;enr;biogas;biogas;moyen;2026;0;2025
it;enr;biogas;biogas;moyen;2026;0;2025
lu;enr;biogas;biogas;moyen;2026;0;2025
nl;enr;biogas;biogas;moyen;2026;0;2025
pt;enr;biogas;biogas;moyen;2026;0;2025
at;enr;biomass;biomass;bas;2026;500;2025
be;enr;biomass;biomass;bas;2026;700;2025
ch;enr;biomass;biomass;bas;2026;290;2025
de;enr;biomass;biomass;bas;2026;1830;2025
es;enr;biomass;biomass;bas;2026;1442;2025
fr;enr;biomass;biomass;bas;2026;851;2025
gb;enr;biomass;biomass;bas;2026;3238;2025
ie;enr;biomass;biomass;bas;2026;54;2025
ni;enr;biomass;biomass;bas;2026;70;2025
it;enr;biomass;biomass;bas;2026;4187;2025
lu;enr;biomass;biomass;bas;2026;20;2025
nl;enr;biomass;biomass;bas;2026;0;2025
pt;enr;biomass;biomass;bas;2026;150;2025
at;enr;biomass;biomass;haut;2026;500;2025
be;enr;biomass;biomass;haut;2026;700;2025
ch;enr;biomass;biomass;haut;2026;290;2025
de;enr;biomass;biomass;haut;2026;1980;2025
es;enr;biomass;biomass;haut;2026;1802;2025
fr;enr;biomass;biomass;haut;2026;1041;2025
gb;enr;biomass;biomass;haut;2026;3780;2025
ie;enr;biomass;biomass;haut;2026;264;2025
ni;enr;biomass;biomass;haut;2026;135;2025
it;enr;biomass;biomass;haut;2026;4837;2025
lu;enr;biomass;biomass;haut;2026;20;2025
nl;enr;biomass;biomass;haut;2026;0;2025
pt;enr;biomass;biomass;haut;2026;150;2025
at;enr;biomass;biomass;moyen;2026;500;2025
be;enr;biomass;biomass;moyen;2026;700;2025
ch;enr;biomass;biomass;moyen;2026;290;2025
de;enr;biomass;biomass;moyen;2026;1830;2025
es;enr;biomass;biomass;moyen;2026;1802;2025
fr;enr;biomass;biomass;moyen;2026;1021;2025
gb;enr;biomass;biomass;moyen;2026;3448;2025
ie;enr;biomass;biomass;moyen;2026;114;2025
ni;enr;biomass;biomass;moyen;2026;87;2025
it;enr;biomass;biomass;moyen;2026;4487;2025
lu;enr;biomass;biomass;moyen;2026;20;2025
nl;enr;biomass;biomass;moyen;2026;0;2025
pt;enr;biomass;biomass;moyen;2026;150;2025
at;enr;geothermal;geothermal;bas;2026;0;2025
be;enr;geothermal;geothermal;bas;2026;0;2025
ch;enr;geothermal;geothermal;bas;2026;0;2025
de;enr;geothermal;geothermal;bas;2026;39;2025
es;enr;geothermal;geothermal;bas;2026;0;2025
fr;enr;geothermal;geothermal;bas;2026;0;2025
gb;enr;geothermal;geothermal;bas;2026;0;2025
ie;enr;geothermal;geothermal;bas;2026;0;2025
ni;enr;geothermal;geothermal;bas;2026;0;2025
it;enr;geothermal;geothermal;bas;2026;824;2025
lu;enr;geothermal;geothermal;bas;2026;0;2025
nl;enr;geothermal;geothermal;bas;2026;0;2025
pt;enr;geothermal;geothermal;bas;2026;0;2025
at;enr;geothermal;geothermal;haut;2026;0;2025
be;enr;geothermal;geothermal;haut;2026;0;2025
ch;enr;geothermal;geothermal;haut;2026;0;2025
de;enr;geothermal;geothermal;haut;2026;39;2025
es;enr;geothermal;geothermal;haut;2026;0;2025
fr;enr;geothermal;geothermal;haut;2026;0;2025
gb;enr;geothermal;geothermal;haut;2026;15;2025
ie;enr;geothermal;geothermal;haut;2026;0;2025
ni;enr;geothermal;geothermal;haut;2026;0;2025
it;enr;geothermal;geothermal;haut;2026;974;2025
lu;enr;geothermal;geothermal;haut;2026;0;2025
nl;enr;geothermal;geothermal;haut;2026;0;2025
pt;enr;geothermal;geothermal;haut;2026;0;2025
at;enr;geothermal;geothermal;moyen;2026;0;2025
be;enr;geothermal;geothermal;moyen;2026;0;2025
ch;enr;geothermal;geothermal;moyen;2026;0;2025
de;enr;geothermal;geothermal;moyen;2026;39;2025
es;enr;geothermal;geothermal;moyen;2026;0;2025
fr;enr;geothermal;geothermal;moyen;2026;0;2025
gb;enr;geothermal;geothermal;moyen;2026;0;2025
ie;enr;geothermal;geothermal;moyen;2026;0;2025
ni;enr;geothermal;geothermal;moyen;2026;0;2025
it;enr;geothermal;geothermal;moyen;2026;899;2025
lu;enr;geothermal;geothermal;moyen;2026;0;2025
nl;enr;geothermal;geothermal;moyen;2026;0;2025
pt;enr;geothermal;geothermal;moyen;2026;0;2025
at;enr;hydro;hydro;bas;2026;4500;2025
be;enr;hydro;hydro;bas;2026;1000;2025
ch;enr;hydro;hydro;bas;2026;8000;2025
de;enr;hydro;hydro;bas;2026;900;2025
es;enr;hydro;hydro;bas;2026;5500;2025
fr;enr;hydro;hydro;bas;2026;21400;2025
gb;enr;hydro;hydro;bas;2026;800;2025
ie;enr;hydro;hydro;bas;2026;200;2025
ni;enr;hydro;hydro;bas;2026;0;2025
it;enr;hydro;hydro;bas;2026;5000;2025
lu;enr;hydro;hydro;bas;2026;0;2025
nl;enr;hydro;hydro;bas;2026;0;2025
pt;enr;hydro;hydro;bas;2026;0;2025
at;enr;hydro;hydro;haut;2026;4500;2025
be;enr;hydro;hydro;haut;2026;1000;2025
ch;enr;hydro;hydro;haut;2026;8000;2025
de;enr;hydro;hydro;haut;2026;900;2025
es;enr;hydro;hydro;haut;2026;5500;2025
fr;enr;hydro;hydro;haut;2026;21400;2025
gb;enr;hydro;hydro;haut;2026;800;2025
ie;enr;hydro;hydro;haut;2026;200;2025
ni;enr;hydro;hydro;haut;2026;0;2025
it;enr;hydro;hydro;haut;2026;5000;2025
lu;enr;hydro;hydro;haut;2026;0;2025
nl;enr;hydro;hydro;haut;2026;0;2025
pt;enr;hydro;hydro;haut;2026;0;2025
at;enr;hydro;hydro;moyen;2026;4500;2025
be;enr;hydro;hydro;moyen;2026;1000;2025
ch;enr;hydro;hydro;moyen;2026;8000;2025
de;enr;hydro;hydro;moyen;2026;900;2025
es;enr;hydro;hydro;moyen;2026;5500;2025
fr;enr;hydro;hydro;moyen;2026;21400;2025
gb;enr;hydro;hydro;moyen;2026;800;2025
ie;enr;hydro;hydro;moyen;2026;200;2025
ni;enr;hydro;hydro;moyen;2026;0;2025
it;enr;hydro;hydro;moyen;2026;5000;2025
lu;enr;hydro;hydro;moyen;2026;0;2025
nl;enr;hydro;hydro;moyen;2026;0;2025
pt;enr;hydro;hydro;moyen;2026;0;2025
at;enr;hydro;step;bas;2026;5200;2025
be;enr;hydro;step;bas;2026;1100;2025
ch;enr;hydro;step;bas;2026;4000;2025
de;enr;hydro;step;bas;2026;4000;2025
es;enr;hydro;step;bas;2026;5000;2025
fr;enr;hydro;step;bas;2026;4200;2025
gb;enr;hydro;step;bas;2026;2000;2025
ie;enr;hydro;step;bas;2026;200;2025
it;enr;hydro;step;bas;2026;4000;2025
lu;enr;hydro;step;bas;2026;0;2025
ni;enr;hydro;step;bas;2026;0;2025
nl;enr;hydro;step;bas;2026;0;2025
pt;enr;hydro;step;bas;2026;2400;2025
at;enr;hydro;step;haut;2026;5200;2025
be;enr;hydro;step;haut;2026;1100;2025
ch;enr;hydro;step;haut;2026;4000;2025
de;enr;hydro;step;haut;2026;4700;2025
es;enr;hydro;step;haut;2026;5000;2025
fr;enr;hydro;step;haut;2026;4200;2025
gb;enr;hydro;step;haut;2026;2100;2025
ie;enr;hydro;step;haut;2026;200;2025
ni;enr;hydro;step;haut;2026;4000;2025
it;enr;hydro;step;haut;2026;0;2025
lu;enr;hydro;step;haut;2026;0;2025
nl;enr;hydro;step;haut;2026;0;2025
pt;enr;hydro;step;haut;2026;2400;2025
at;enr;hydro;step;moyen;2026;5200;2025
be;enr;hydro;step;moyen;2026;1100;2025
ch;enr;hydro;step;moyen;2026;4000;2025
de;enr;hydro;step;moyen;2026;4200;2025
es;enr;hydro;step;moyen;2026;5000;2025
fr;enr;hydro;step;moyen;2026;4200;2025
gb;enr;hydro;step;moyen;2026;2100;2025
ie;enr;hydro;step;moyen;2026;200;2025
ni;enr;hydro;step;moyen;2026;4000;2025
it;enr;hydro;step;moyen;2026;0;2025
lu;enr;hydro;step;moyen;2026;0;2025
nl;enr;hydro;step;moyen;2026;0;2025
pt;enr;hydro;step;moyen;2026;2400;2025
at;enr;hydrokinetic;hydrokinetic;bas;2026;0;2025
be;enr;hydrokinetic;hydrokinetic;bas;2026;0;2025
ch;enr;hydrokinetic;hydrokinetic;bas;2026;0;2025
de;enr;hydrokinetic;hydrokinetic;bas;2026;0;2025
es;enr;hydrokinetic;hydrokinetic;bas;2026;0;2025
fr;enr;hydrokinetic;hydrokinetic;bas;2026;0;2025
gb;enr;hydrokinetic;hydrokinetic;bas;2026;13;2025
ie;enr;hydrokinetic;hydrokinetic;bas;2026;0;2025
ni;enr;hydrokinetic;hydrokinetic;bas;2026;1;2025
it;enr;hydrokinetic;hydrokinetic;bas;2026;0;2025
lu;enr;hydrokinetic;hydrokinetic;bas;2026;0;2025
nl;enr;hydrokinetic;hydrokinetic;bas;2026;0;2025
pt;enr;hydrokinetic;hydrokinetic;bas;2026;0;2025
at;enr;hydrokinetic;hydrokinetic;haut;2026;0;2025
be;enr;hydrokinetic;hydrokinetic;haut;2026;0;2025
ch;enr;hydrokinetic;hydrokinetic;haut;2026;0;2025
de;enr;hydrokinetic;hydrokinetic;haut;2026;0;2025
es;enr;hydrokinetic;hydrokinetic;haut;2026;0;2025
fr;enr;hydrokinetic;hydrokinetic;haut;2026;100;2025
gb;enr;hydrokinetic;hydrokinetic;haut;2026;528;2025
ie;enr;hydrokinetic;hydrokinetic;haut;2026;0;2025
ni;enr;hydrokinetic;hydrokinetic;haut;2026;11;2025
it;enr;hydrokinetic;hydrokinetic;haut;2026;0;2025
lu;enr;hydrokinetic;hydrokinetic;haut;2026;0;2025
nl;enr;hydrokinetic;hydrokinetic;haut;2026;0;2025
pt;enr;hydrokinetic;hydrokinetic;haut;2026;0;2025
at;enr;hydrokinetic;hydrokinetic;moyen;2026;0;2025
be;enr;hydrokinetic;hydrokinetic;moyen;2026;0;2025
ch;enr;hydrokinetic;hydrokinetic;moyen;2026;0;2025
de;enr;hydrokinetic;hydrokinetic;moyen;2026;0;2025
es;enr;hydrokinetic;hydrokinetic;moyen;2026;0;2025
fr;enr;hydrokinetic;hydrokinetic;moyen;2026;100;2025
gb;enr;hydrokinetic;hydrokinetic;moyen;2026;313;2025
ie;enr;hydrokinetic;hydrokinetic;moyen;2026;0;2025
ni;enr;hydrokinetic;hydrokinetic;moyen;2026;11;2025
it;enr;hydrokinetic;hydrokinetic;moyen;2026;0;2025
lu;enr;hydrokinetic;hydrokinetic;moyen;2026;0;2025
nl;enr;hydrokinetic;hydrokinetic;moyen;2026;0;2025
pt;enr;hydrokinetic;hydrokinetic;moyen;2026;0;2025
at;enr;other;other;bas;2026;0;2025
be;enr;other;other;bas;2026;0;2025
ch;enr;other;other;bas;2026;0;2025
de;enr;other;other;bas;2026;600;2025
es;enr;other;other;bas;2026;1567;2025
fr;enr;other;other;bas;2026;0;2025
gb;enr;other;other;bas;2026;0;2025
ie;enr;other;other;bas;2026;0;2025
ni;enr;other;other;bas;2026;0;2025
it;enr;other;other;bas;2026;237;2025
lu;enr;other;other;bas;2026;0;2025
nl;enr;other;other;bas;2026;0;2025
pt;enr;other;other;bas;2026;0;2025
at;enr;other;other;haut;2026;0;2025
be;enr;other;other;haut;2026;0;2025
ch;enr;other;other;haut;2026;0;2025
de;enr;other;other;haut;2026;600;2025
es;enr;other;other;haut;2026;1942;2025
fr;enr;other;other;haut;2026;0;2025
gb;enr;other;other;haut;2026;0;2025
ie;enr;other;other;haut;2026;0;2025
ni;enr;other;other;haut;2026;0;2025
it;enr;other;other;haut;2026;487;2025
lu;enr;other;other;haut;2026;0;2025
nl;enr;other;other;haut;2026;0;2025
pt;enr;other;other;haut;2026;0;2025
at;enr;other;other;moyen;2026;0;2025
be;enr;other;other;moyen;2026;0;2025
ch;enr;other;other;moyen;2026;0;2025
de;enr;other;other;moyen;2026;600;2025
es;enr;other;other;moyen;2026;1754;2025
fr;enr;other;other;moyen;2026;0;2025
gb;enr;other;other;moyen;2026;0;2025
ie;enr;other;other;moyen;2026;0;2025
ni;enr;other;other;moyen;2026;0;2025
it;enr;other;other;moyen;2026;387;2025
lu;enr;other;other;moyen;2026;0;2025
nl;enr;other;other;moyen;2026;0;2025
pt;enr;other;other;moyen;2026;0;2025
at;enr;solar;pv;bas;2026;1800;2025
be;enr;solar;pv;bas;2026;4410;2025
ch;enr;solar;pv;bas;2026;2540;2025
de;enr;solar;pv;bas;2026;47450;2025
es;enr;solar;pv;bas;2026;8855;2025
fr;enr;solar;pv;bas;2026;0;2025
gb;enr;solar;pv;bas;2026;14100;2025
ie;enr;solar;pv;bas;2026;24;2025
ni;enr;solar;pv;bas;2026;198;2025
it;enr;solar;pv;bas;2026;21961;2025
lu;enr;solar;pv;bas;2026;170;2025
nl;enr;solar;pv;bas;2026;5639;2025
pt;enr;solar;pv;bas;2026;645;2025
at;enr;solar;pv;haut;2026;3510;2025
be;enr;solar;pv;haut;2026;5420;2025
ch;enr;solar;pv;haut;2026;4340;2025
de;enr;solar;pv;haut;2026;56850;2025
es;enr;solar;pv;haut;2026;19875;2025
fr;enr;solar;pv;haut;2026;23656;2025
gb;enr;solar;pv;haut;2026;25400;2025
ie;enr;solar;pv;haut;2026;105;2025
ni;enr;solar;pv;haut;2026;337;2025
it;enr;solar;pv;haut;2026;28561;2025
lu;enr;solar;pv;haut;2026;170;2025
nl;enr;solar;pv;haut;2026;8339;2025
pt;enr;solar;pv;haut;2026;1820;2025
at;enr;solar;pv;moyen;2026;2000;2025
be;enr;solar;pv;moyen;2026;4830;2025
ch;enr;solar;pv;moyen;2026;3440;2025
de;enr;solar;pv;moyen;2026;51650;2025
es;enr;solar;pv;moyen;2026;11900;2025
fr;enr;solar;pv;moyen;2026;19656;2025
gb;enr;solar;pv;moyen;2026;17900;2025
ie;enr;solar;pv;moyen;2026;60;2025
ni;enr;solar;pv;moyen;2026;256;2025
it;enr;solar;pv;moyen;2026;22861;2025
lu;enr;solar;pv;moyen;2026;170;2025
nl;enr;solar;pv;moyen;2026;7439;2025
pt;enr;solar;pv;moyen;2026;1130;2025
at;enr;solar;thermo;bas;2026;0;2025
be;enr;solar;thermo;bas;2026;0;2025
ch;enr;solar;thermo;bas;2026;0;2025
de;enr;solar;thermo;bas;2026;0;2025
es;enr;solar;thermo;bas;2026;2300;2025
fr;enr;solar;thermo;bas;2026;0;2025
gb;enr;solar;thermo;bas;2026;0;2025
ie;enr;solar;thermo;bas;2026;0;2025
ni;enr;solar;thermo;bas;2026;0;2025
it;enr;solar;thermo;bas;2026;0;2025
lu;enr;solar;thermo;bas;2026;0;2025
nl;enr;solar;thermo;bas;2026;0;2025
pt;enr;solar;thermo;bas;2026;0;2025
at;enr;solar;thermo;haut;2026;0;2025
be;enr;solar;thermo;haut;2026;0;2025
ch;enr;solar;thermo;haut;2026;0;2025
de;enr;solar;thermo;haut;2026;0;2025
es;enr;solar;thermo;haut;2026;2300;2025
fr;enr;solar;thermo;haut;2026;0;2025
gb;enr;solar;thermo;haut;2026;0;2025
ie;enr;solar;thermo;haut;2026;0;2025
ni;enr;solar;thermo;haut;2026;0;2025
it;enr;solar;thermo;haut;2026;0;2025
lu;enr;solar;thermo;haut;2026;0;2025
nl;enr;solar;thermo;haut;2026;0;2025
pt;enr;solar;thermo;haut;2026;5;2025
at;enr;solar;thermo;moyen;2026;0;2025
be;enr;solar;thermo;moyen;2026;0;2025
ch;enr;solar;thermo;moyen;2026;0;2025
de;enr;solar;thermo;moyen;2026;0;2025
es;enr;solar;thermo;moyen;2026;2300;2025
fr;enr;solar;thermo;moyen;2026;0;2025
gb;enr;solar;thermo;moyen;2026;0;2025
ie;enr;solar;thermo;moyen;2026;0;2025
ni;enr;solar;thermo;moyen;2026;0;2025
it;enr;solar;thermo;moyen;2026;0;2025
lu;enr;solar;thermo;moyen;2026;0;2025
nl;enr;solar;thermo;moyen;2026;0;2025
pt;enr;solar;thermo;moyen;2026;5;2025
at;enr;waste;waste;bas;2026;100;2025
be;enr;waste;waste;bas;2026;220;2025
ch;enr;waste;waste;bas;2026;300;2025
de;enr;waste;waste;bas;2026;1944;2025
es;enr;waste;waste;bas;2026;338;2025
fr;enr;waste;waste;bas;2026;937;2025
gb;enr;waste;waste;bas;2026;946;2025
ie;enr;waste;waste;bas;2026;41;2025
ni;enr;waste;waste;bas;2026;0;2025
it;enr;waste;waste;bas;2026;0;2025
lu;enr;waste;waste;bas;2026;20;2025
nl;enr;waste;waste;bas;2026;0;2025
pt;enr;waste;waste;bas;2026;350;2025
at;enr;waste;waste;haut;2026;100;2025
be;enr;waste;waste;haut;2026;220;2025
ch;enr;waste;waste;haut;2026;300;2025
de;enr;waste;waste;haut;2026;1944;2025
es;enr;waste;waste;haut;2026;338;2025
fr;enr;waste;waste;haut;2026;937;2025
gb;enr;waste;waste;haut;2026;1106;2025
ie;enr;waste;waste;haut;2026;41;2025
ni;enr;waste;waste;haut;2026;0;2025
it;enr;waste;waste;haut;2026;0;2025
lu;enr;waste;waste;haut;2026;20;2025
nl;enr;waste;waste;haut;2026;0;2025
pt;enr;waste;waste;haut;2026;350;2025
at;enr;waste;waste;moyen;2026;100;2025
be;enr;waste;waste;moyen;2026;220;2025
ch;enr;waste;waste;moyen;2026;300;2025
de;enr;waste;waste;moyen;2026;1944;2025
es;enr;waste;waste;moyen;2026;338;2025
fr;enr;waste;waste;moyen;2026;937;2025
gb;enr;waste;waste;moyen;2026;1006;2025
ie;enr;waste;waste;moyen;2026;41;2025
ni;enr;waste;waste;moyen;2026;0;2025
it;enr;waste;waste;moyen;2026;0;2025
lu;enr;waste;waste;moyen;2026;20;2025
nl;enr;waste;waste;moyen;2026;0;2025
pt;enr;waste;waste;moyen;2026;350;2025
at;enr;wave;wave;bas;2026;0;2025
be;enr;wave;wave;bas;2026;0;2025
ch;enr;wave;wave;bas;2026;0;2025
de;enr;wave;wave;bas;2026;0;2025
es;enr;wave;wave;bas;2026;0;2025
fr;enr;wave;wave;bas;2026;0;2025
gb;enr;wave;wave;bas;2026;0;2025
ie;enr;wave;wave;bas;2026;0;2025
ni;enr;wave;wave;bas;2026;0;2025
it;enr;wave;wave;bas;2026;0;2025
lu;enr;wave;wave;bas;2026;0;2025
nl;enr;wave;wave;bas;2026;0;2025
pt;enr;wave;wave;bas;2026;0;2025
at;enr;wave;wave;haut;2026;0;2025
be;enr;wave;wave;haut;2026;0;2025
ch;enr;wave;wave;haut;2026;0;2025
de;enr;wave;wave;haut;2026;0;2025
es;enr;wave;wave;haut;2026;0;2025
fr;enr;wave;wave;haut;2026;0;2025
gb;enr;wave;wave;haut;2026;152;2025
ie;enr;wave;wave;haut;2026;0;2025
ni;enr;wave;wave;haut;2026;0;2025
it;enr;wave;wave;haut;2026;0;2025
lu;enr;wave;wave;haut;2026;0;2025
nl;enr;wave;wave;haut;2026;0;2025
pt;enr;wave;wave;haut;2026;0;2025
at;enr;wave;wave;moyen;2026;0;2025
be;enr;wave;wave;moyen;2026;0;2025
ch;enr;wave;wave;moyen;2026;0;2025
de;enr;wave;wave;moyen;2026;0;2025
es;enr;wave;wave;moyen;2026;0;2025
fr;enr;wave;wave;moyen;2026;0;2025
gb;enr;wave;wave;moyen;2026;27;2025
ie;enr;wave;wave;moyen;2026;0;2025
ni;enr;wave;wave;moyen;2026;0;2025
it;enr;wave;wave;moyen;2026;0;2025
lu;enr;wave;wave;moyen;2026;0;2025
nl;enr;wave;wave;moyen;2026;0;2025
pt;enr;wave;wave;moyen;2026;0;2025
at;enr;wind;offshore;bas;2026;0;2025
be;enr;wind;offshore;bas;2026;2314;2025
ch;enr;wind;offshore;bas;2026;0;2025
de;enr;wind;offshore;bas;2026;7880;2025
es;enr;wind;offshore;bas;2026;0;2025
fr;enr;wind;offshore;bas;2026;3000;2025
gb;enr;wind;offshore;bas;2026;9344;2025
ie;enr;wind;offshore;bas;2026;25;2025
ni;enr;wind;offshore;bas;2026;0;2025
it;enr;wind;offshore;bas;2026;180;2025
lu;enr;wind;offshore;bas;2026;0;2025
nl;enr;wind;offshore;bas;2026;3201;2025
pt;enr;wind;offshore;bas;2026;0;2025
at;enr;wind;offshore;haut;2026;0;2025
be;enr;wind;offshore;haut;2026;2314;2025
ch;enr;wind;offshore;haut;2026;0;2025
de;enr;wind;offshore;haut;2026;11830;2025
es;enr;wind;offshore;haut;2026;0;2025
fr;enr;wind;offshore;haut;2026;5000;2025
gb;enr;wind;offshore;haut;2026;21344;2025
ie;enr;wind;offshore;haut;2026;25;2025
ni;enr;wind;offshore;haut;2026;0;2025
it;enr;wind;offshore;haut;2026;360;2025
lu;enr;wind;offshore;haut;2026;0;2025
nl;enr;wind;offshore;haut;2026;6001;2025
pt;enr;wind;offshore;haut;2026;0;2025
at;enr;wind;offshore;moyen;2026;0;2025
be;enr;wind;offshore;moyen;2026;2314;2025
ch;enr;wind;offshore;moyen;2026;0;2025
de;enr;wind;offshore;moyen;2026;10430;2025
es;enr;wind;offshore;moyen;2026;0;2025
fr;enr;wind;offshore;moyen;2026;4000;2025
gb;enr;wind;offshore;moyen;2026;14344;2025
ie;enr;wind;offshore;moyen;2026;25;2025
ni;enr;wind;offshore;moyen;2026;0;2025
it;enr;wind;offshore;moyen;2026;235;2025
lu;enr;wind;offshore;moyen;2026;0;2025
nl;enr;wind;offshore;moyen;2026;5301;2025
pt;enr;wind;offshore;moyen;2026;0;2025
at;enr;wind;onshore;bas;2026;3832;2025
be;enr;wind;onshore;bas;2026;2870;2025
ch;enr;wind;onshore;bas;2026;180;2025
de;enr;wind;onshore;bas;2026;61810;2025
es;enr;wind;onshore;bas;2026;26044;2025
fr;enr;wind;onshore;bas;2026;18493;2025
gb;enr;wind;onshore;bas;2026;11725;2025
ie;enr;wind;onshore;bas;2026;3485;2025
ni;enr;wind;onshore;bas;2026;1163;2025
it;enr;wind;onshore;bas;2026;11658;2025
lu;enr;wind;onshore;bas;2026;156;2025
nl;enr;wind;onshore;bas;2026;5079;2025
pt;enr;wind;onshore;bas;2026;5270;2025
at;enr;wind;onshore;haut;2026;4452;2025
be;enr;wind;onshore;haut;2026;3620;2025
ch;enr;wind;onshore;haut;2026;210;2025
de;enr;wind;onshore;haut;2026;70810;2025
es;enr;wind;onshore;haut;2026;32314;2025
fr;enr;wind;onshore;haut;2026;30343;2025
gb;enr;wind;onshore;haut;2026;16625;2025
ie;enr;wind;onshore;haut;2026;4735;2025
ni;enr;wind;onshore;haut;2026;1813;2025
it;enr;wind;onshore;haut;2026;15058;2025
lu;enr;wind;onshore;haut;2026;198;2025
nl;enr;wind;onshore;haut;2026;6399;2025
pt;enr;wind;onshore;haut;2026;5900;2025
at;enr;wind;onshore;moyen;2026;3832;2025
be;enr;wind;onshore;moyen;2026;3195;2025
ch;enr;wind;onshore;moyen;2026;180;2025
de;enr;wind;onshore;moyen;2026;66810;2025
es;enr;wind;onshore;moyen;2026;28974;2025
fr;enr;wind;onshore;moyen;2026;25243;2025
gb;enr;wind;onshore;moyen;2026;14225;2025
ie;enr;wind;onshore;moyen;2026;4285;2025
ni;enr;wind;onshore;moyen;2026;1538;2025
it;enr;wind;onshore;moyen;2026;13308;2025
lu;enr;wind;onshore;moyen;2026;184;2025
nl;enr;wind;onshore;moyen;2026;6299;2025
pt;enr;wind;onshore;moyen;2026;5560;2025
at;enr;biogas;biogas;bas;2031;0;2030
be;enr;biogas;biogas;bas;2031;0;2030
ch;enr;biogas;biogas;bas;2031;0;2030
de;enr;biogas;biogas;bas;2031;4498;2030
es;enr;biogas;biogas;bas;2031;0;2030
fr;enr;biogas;biogas;bas;2031;828;2030
gb;enr;biogas;biogas;bas;2031;1614;2030
ie;enr;biogas;biogas;bas;2031;0;2030
ni;enr;biogas;biogas;bas;2031;0;2030
it;enr;biogas;biogas;bas;2031;0;2030
lu;enr;biogas;biogas;bas;2031;0;2030
nl;enr;biogas;biogas;bas;2031;0;2030
pt;enr;biogas;biogas;bas;2031;0;2030
at;enr;biogas;biogas;haut;2031;0;2030
be;enr;biogas;biogas;haut;2031;0;2030
ch;enr;biogas;biogas;haut;2031;0;2030
de;enr;biogas;biogas;haut;2031;6323;2030
es;enr;biogas;biogas;haut;2031;0;2030
fr;enr;biogas;biogas;haut;2031;1248;2030
gb;enr;biogas;biogas;haut;2031;1964;2030
ie;enr;biogas;biogas;haut;2031;0;2030
ni;enr;biogas;biogas;haut;2031;0;2030
it;enr;biogas;biogas;haut;2031;0;2030
lu;enr;biogas;biogas;haut;2031;0;2030
nl;enr;biogas;biogas;haut;2031;0;2030
pt;enr;biogas;biogas;haut;2031;0;2030
at;enr;biogas;biogas;moyen;2031;0;2030
be;enr;biogas;biogas;moyen;2031;0;2030
ch;enr;biogas;biogas;moyen;2031;0;2030
de;enr;biogas;biogas;moyen;2031;5748;2030
es;enr;biogas;biogas;moyen;2031;0;2030
fr;enr;biogas;biogas;moyen;2031;978;2030
gb;enr;biogas;biogas;moyen;2031;1789;2030
ie;enr;biogas;biogas;moyen;2031;0;2030
ni;enr;biogas;biogas;moyen;2031;0;2030
it;enr;biogas;biogas;moyen;2031;0;2030
lu;enr;biogas;biogas;moyen;2031;0;2030
nl;enr;biogas;biogas;moyen;2031;0;2030
pt;enr;biogas;biogas;moyen;2031;0;2030
at;enr;biomass;biomass;bas;2031;500;2030
be;enr;biomass;biomass;bas;2031;700;2030
ch;enr;biomass;biomass;bas;2031;590;2030
de;enr;biomass;biomass;bas;2031;1830;2030
es;enr;biomass;biomass;bas;2031;1642;2030
fr;enr;biomass;biomass;bas;2031;951;2030
gb;enr;biomass;biomass;bas;2031;1038;2030
ie;enr;biomass;biomass;bas;2031;54;2030
ni;enr;biomass;biomass;bas;2031;70;2030
it;enr;biomass;biomass;bas;2031;4237;2030
lu;enr;biomass;biomass;bas;2031;20;2030
nl;enr;biomass;biomass;bas;2031;0;2030
pt;enr;biomass;biomass;bas;2031;150;2030
at;enr;biomass;biomass;haut;2031;500;2030
be;enr;biomass;biomass;haut;2031;700;2030
ch;enr;biomass;biomass;haut;2031;590;2030
de;enr;biomass;biomass;haut;2031;2230;2030
es;enr;biomass;biomass;haut;2031;2552;2030
fr;enr;biomass;biomass;haut;2031;1291;2030
gb;enr;biomass;biomass;haut;2031;3580;2030
ie;enr;biomass;biomass;haut;2031;344;2030
ni;enr;biomass;biomass;haut;2031;135;2030
it;enr;biomass;biomass;haut;2031;5337;2030
lu;enr;biomass;biomass;haut;2031;20;2030
nl;enr;biomass;biomass;haut;2031;0;2030
pt;enr;biomass;biomass;haut;2031;150;2030
at;enr;biomass;biomass;moyen;2031;500;2030
be;enr;biomass;biomass;moyen;2031;700;2030
ch;enr;biomass;biomass;moyen;2031;590;2030
de;enr;biomass;biomass;moyen;2031;1830;2030
es;enr;biomass;biomass;moyen;2031;2552;2030
fr;enr;biomass;biomass;moyen;2031;1171;2030
gb;enr;biomass;biomass;moyen;2031;2448;2030
ie;enr;biomass;biomass;moyen;2031;124;2030
ni;enr;biomass;biomass;moyen;2031;87;2030
it;enr;biomass;biomass;moyen;2031;4737;2030
lu;enr;biomass;biomass;moyen;2031;20;2030
nl;enr;biomass;biomass;moyen;2031;0;2030
pt;enr;biomass;biomass;moyen;2031;150;2030
at;enr;geothermal;geothermal;bas;2031;0;2030
be;enr;geothermal;geothermal;bas;2031;0;2030
ch;enr;geothermal;geothermal;bas;2031;0;2030
de;enr;geothermal;geothermal;bas;2031;39;2030
es;enr;geothermal;geothermal;bas;2031;0;2030
fr;enr;geothermal;geothermal;bas;2031;0;2030
gb;enr;geothermal;geothermal;bas;2031;0;2030
ie;enr;geothermal;geothermal;bas;2031;0;2030
ni;enr;geothermal;geothermal;bas;2031;0;2030
it;enr;geothermal;geothermal;bas;2031;824;2030
lu;enr;geothermal;geothermal;bas;2031;0;2030
nl;enr;geothermal;geothermal;bas;2031;0;2030
pt;enr;geothermal;geothermal;bas;2031;0;2030
at;enr;geothermal;geothermal;haut;2031;0;2030
be;enr;geothermal;geothermal;haut;2031;0;2030
ch;enr;geothermal;geothermal;haut;2031;0;2030
de;enr;geothermal;geothermal;haut;2031;39;2030
es;enr;geothermal;geothermal;haut;2031;0;2030
fr;enr;geothermal;geothermal;haut;2031;0;2030
gb;enr;geothermal;geothermal;haut;2031;15;2030
ie;enr;geothermal;geothermal;haut;2031;0;2030
ni;enr;geothermal;geothermal;haut;2031;0;2030
it;enr;geothermal;geothermal;haut;2031;1074;2030
lu;enr;geothermal;geothermal;haut;2031;0;2030
nl;enr;geothermal;geothermal;haut;2031;0;2030
pt;enr;geothermal;geothermal;haut;2031;0;2030
at;enr;geothermal;geothermal;moyen;2031;0;2030
be;enr;geothermal;geothermal;moyen;2031;0;2030
ch;enr;geothermal;geothermal;moyen;2031;0;2030
de;enr;geothermal;geothermal;moyen;2031;39;2030
es;enr;geothermal;geothermal;moyen;2031;0;2030
fr;enr;geothermal;geothermal;moyen;2031;0;2030
gb;enr;geothermal;geothermal;moyen;2031;0;2030
ie;enr;geothermal;geothermal;moyen;2031;0;2030
ni;enr;geothermal;geothermal;moyen;2031;0;2030
it;enr;geothermal;geothermal;moyen;2031;949;2030
lu;enr;geothermal;geothermal;moyen;2031;0;2030
nl;enr;geothermal;geothermal;moyen;2031;0;2030
pt;enr;geothermal;geothermal;moyen;2031;0;2030
at;enr;hydro;hydro;bas;2031;4500;2030
be;enr;hydro;hydro;bas;2031;1000;2030
ch;enr;hydro;hydro;bas;2031;8000;2030
de;enr;hydro;hydro;bas;2031;900;2030
es;enr;hydro;hydro;bas;2031;5500;2030
fr;enr;hydro;hydro;bas;2031;21400;2030
gb;enr;hydro;hydro;bas;2031;800;2030
ie;enr;hydro;hydro;bas;2031;200;2030
ni;enr;hydro;hydro;bas;2031;0;2030
it;enr;hydro;hydro;bas;2031;5000;2030
lu;enr;hydro;hydro;bas;2031;0;2030
nl;enr;hydro;hydro;bas;2031;0;2030
pt;enr;hydro;hydro;bas;2031;0;2030
at;enr;hydro;hydro;haut;2031;4500;2030
be;enr;hydro;hydro;haut;2031;1000;2030
ch;enr;hydro;hydro;haut;2031;8000;2030
de;enr;hydro;hydro;haut;2031;900;2030
es;enr;hydro;hydro;haut;2031;5500;2030
fr;enr;hydro;hydro;haut;2031;21400;2030
gb;enr;hydro;hydro;haut;2031;800;2030
ie;enr;hydro;hydro;haut;2031;200;2030
ni;enr;hydro;hydro;haut;2031;0;2030
it;enr;hydro;hydro;haut;2031;5000;2030
lu;enr;hydro;hydro;haut;2031;0;2030
nl;enr;hydro;hydro;haut;2031;0;2030
pt;enr;hydro;hydro;haut;2031;0;2030
at;enr;hydro;hydro;moyen;2031;4500;2030
be;enr;hydro;hydro;moyen;2031;1000;2030
ch;enr;hydro;hydro;moyen;2031;8000;2030
de;enr;hydro;hydro;moyen;2031;900;2030
es;enr;hydro;hydro;moyen;2031;5500;2030
fr;enr;hydro;hydro;moyen;2031;21400;2030
gb;enr;hydro;hydro;moyen;2031;800;2030
ie;enr;hydro;hydro;moyen;2031;200;2030
ni;enr;hydro;hydro;moyen;2031;0;2030
it;enr;hydro;hydro;moyen;2031;5000;2030
lu;enr;hydro;hydro;moyen;2031;0;2030
nl;enr;hydro;hydro;moyen;2031;0;2030
pt;enr;hydro;hydro;moyen;2031;0;2030
at;enr;hydro;step;bas;2031;5700;2030
be;enr;hydro;step;bas;2031;1100;2030
ch;enr;hydro;step;bas;2031;4000;2030
de;enr;hydro;step;bas;2031;4000;2030
es;enr;hydro;step;bas;2031;5000;2030
fr;enr;hydro;step;bas;2031;4200;2030
gb;enr;hydro;step;bas;2031;2000;2030
ie;enr;hydro;step;bas;2031;200;2030
it;enr;hydro;step;bas;2031;4000;2030
lu;enr;hydro;step;bas;2031;0;2030
ni;enr;hydro;step;bas;2031;0;2030
nl;enr;hydro;step;bas;2031;0;2030
pt;enr;hydro;step;bas;2031;2900;2030
at;enr;hydro;step;haut;2031;5700;2030
be;enr;hydro;step;haut;2031;1100;2030
ch;enr;hydro;step;haut;2031;4000;2030
de;enr;hydro;step;haut;2031;6000;2030
es;enr;hydro;step;haut;2031;5000;2030
fr;enr;hydro;step;haut;2031;5200;2030
gb;enr;hydro;step;haut;2031;2700;2030
ie;enr;hydro;step;haut;2031;200;2030
ni;enr;hydro;step;haut;2031;4000;2030
it;enr;hydro;step;haut;2031;0;2030
lu;enr;hydro;step;haut;2031;0;2030
nl;enr;hydro;step;haut;2031;0;2030
pt;enr;hydro;step;haut;2031;2900;2030
at;enr;hydro;step;moyen;2031;5700;2030
be;enr;hydro;step;moyen;2031;1100;2030
ch;enr;hydro;step;moyen;2031;4000;2030
de;enr;hydro;step;moyen;2031;5000;2030
es;enr;hydro;step;moyen;2031;5000;2030
fr;enr;hydro;step;moyen;2031;4200;2030
gb;enr;hydro;step;moyen;2031;2100;2030
ie;enr;hydro;step;moyen;2031;200;2030
ni;enr;hydro;step;moyen;2031;4000;2030
it;enr;hydro;step;moyen;2031;0;2030
lu;enr;hydro;step;moyen;2031;0;2030
nl;enr;hydro;step;moyen;2031;0;2030
pt;enr;hydro;step;moyen;2031;2900;2030
at;enr;hydrokinetic;hydrokinetic;bas;2031;0;2030
be;enr;hydrokinetic;hydrokinetic;bas;2031;0;2030
ch;enr;hydrokinetic;hydrokinetic;bas;2031;0;2030
de;enr;hydrokinetic;hydrokinetic;bas;2031;0;2030
es;enr;hydrokinetic;hydrokinetic;bas;2031;0;2030
fr;enr;hydrokinetic;hydrokinetic;bas;2031;100;2030
gb;enr;hydrokinetic;hydrokinetic;bas;2031;13;2030
ie;enr;hydrokinetic;hydrokinetic;bas;2031;0;2030
ni;enr;hydrokinetic;hydrokinetic;bas;2031;1;2030
it;enr;hydrokinetic;hydrokinetic;bas;2031;0;2030
lu;enr;hydrokinetic;hydrokinetic;bas;2031;0;2030
nl;enr;hydrokinetic;hydrokinetic;bas;2031;0;2030
pt;enr;hydrokinetic;hydrokinetic;bas;2031;0;2030
at;enr;hydrokinetic;hydrokinetic;haut;2031;0;2030
be;enr;hydrokinetic;hydrokinetic;haut;2031;0;2030
ch;enr;hydrokinetic;hydrokinetic;haut;2031;0;2030
de;enr;hydrokinetic;hydrokinetic;haut;2031;0;2030
es;enr;hydrokinetic;hydrokinetic;haut;2031;0;2030
fr;enr;hydrokinetic;hydrokinetic;haut;2031;800;2030
gb;enr;hydrokinetic;hydrokinetic;haut;2031;1328;2030
ie;enr;hydrokinetic;hydrokinetic;haut;2031;0;2030
ni;enr;hydrokinetic;hydrokinetic;haut;2031;101;2030
it;enr;hydrokinetic;hydrokinetic;haut;2031;0;2030
lu;enr;hydrokinetic;hydrokinetic;haut;2031;0;2030
nl;enr;hydrokinetic;hydrokinetic;haut;2031;0;2030
pt;enr;hydrokinetic;hydrokinetic;haut;2031;0;2030
at;enr;hydrokinetic;hydrokinetic;moyen;2031;0;2030
be;enr;hydrokinetic;hydrokinetic;moyen;2031;0;2030
ch;enr;hydrokinetic;hydrokinetic;moyen;2031;0;2030
de;enr;hydrokinetic;hydrokinetic;moyen;2031;0;2030
es;enr;hydrokinetic;hydrokinetic;moyen;2031;0;2030
fr;enr;hydrokinetic;hydrokinetic;moyen;2031;600;2030
gb;enr;hydrokinetic;hydrokinetic;moyen;2031;513;2030
ie;enr;hydrokinetic;hydrokinetic;moyen;2031;0;2030
ni;enr;hydrokinetic;hydrokinetic;moyen;2031;11;2030
it;enr;hydrokinetic;hydrokinetic;moyen;2031;0;2030
lu;enr;hydrokinetic;hydrokinetic;moyen;2031;0;2030
nl;enr;hydrokinetic;hydrokinetic;moyen;2031;0;2030
pt;enr;hydrokinetic;hydrokinetic;moyen;2031;0;2030
at;enr;other;other;bas;2031;0;2030
be;enr;other;other;bas;2031;0;2030
ch;enr;other;other;bas;2031;0;2030
de;enr;other;other;bas;2031;600;2030
es;enr;other;other;bas;2031;1442;2030
fr;enr;other;other;bas;2031;0;2030
gb;enr;other;other;bas;2031;0;2030
ie;enr;other;other;bas;2031;0;2030
ni;enr;other;other;bas;2031;0;2030
it;enr;other;other;bas;2031;237;2030
lu;enr;other;other;bas;2031;0;2030
nl;enr;other;other;bas;2031;0;2030
pt;enr;other;other;bas;2031;0;2030
at;enr;other;other;haut;2031;0;2030
be;enr;other;other;haut;2031;0;2030
ch;enr;other;other;haut;2031;0;2030
de;enr;other;other;haut;2031;600;2030
es;enr;other;other;haut;2031;2067;2030
fr;enr;other;other;haut;2031;0;2030
gb;enr;other;other;haut;2031;0;2030
ie;enr;other;other;haut;2031;0;2030
ni;enr;other;other;haut;2031;0;2030
it;enr;other;other;haut;2031;487;2030
lu;enr;other;other;haut;2031;0;2030
nl;enr;other;other;haut;2031;0;2030
pt;enr;other;other;haut;2031;0;2030
at;enr;other;other;moyen;2031;0;2030
be;enr;other;other;moyen;2031;0;2030
ch;enr;other;other;moyen;2031;0;2030
de;enr;other;other;moyen;2031;600;2030
es;enr;other;other;moyen;2031;1754;2030
fr;enr;other;other;moyen;2031;0;2030
gb;enr;other;other;moyen;2031;0;2030
ie;enr;other;other;moyen;2031;0;2030
ni;enr;other;other;moyen;2031;0;2030
it;enr;other;other;moyen;2031;387;2030
lu;enr;other;other;moyen;2031;0;2030
nl;enr;other;other;moyen;2031;0;2030
pt;enr;other;other;moyen;2031;0;2030
at;enr;solar;pv;bas;2031;2300;2030
be;enr;solar;pv;bas;2031;4960;2030
ch;enr;solar;pv;bas;2031;3040;2030
de;enr;solar;pv;bas;2031;49950;2030
es;enr;solar;pv;bas;2031;12355;2030
fr;enr;solar;pv;bas;2031;0;2030
gb;enr;solar;pv;bas;2031;14350;2030
ie;enr;solar;pv;bas;2031;29;2030
ni;enr;solar;pv;bas;2031;228;2030
it;enr;solar;pv;bas;2031;23461;2030
lu;enr;solar;pv;bas;2031;195;2030
nl;enr;solar;pv;bas;2031;7639;2030
pt;enr;solar;pv;bas;2031;745;2030
at;enr;solar;pv;haut;2031;4710;2030
be;enr;solar;pv;haut;2031;6620;2030
ch;enr;solar;pv;haut;2031;5840;2030
de;enr;solar;pv;haut;2031;66350;2030
es;enr;solar;pv;haut;2031;39875;2030
fr;enr;solar;pv;haut;2031;35956;2030
gb;enr;solar;pv;haut;2031;33200;2030
ie;enr;solar;pv;haut;2031;305;2030
ni;enr;solar;pv;haut;2031;387;2030
it;enr;solar;pv;haut;2031;34061;2030
lu;enr;solar;pv;haut;2031;195;2030
nl;enr;solar;pv;haut;2031;11839;2030
pt;enr;solar;pv;haut;2031;1920;2030
at;enr;solar;pv;moyen;2031;2750;2030
be;enr;solar;pv;moyen;2031;5630;2030
ch;enr;solar;pv;moyen;2031;4440;2030
de;enr;solar;pv;moyen;2031;57450;2030
es;enr;solar;pv;moyen;2031;19900;2030
fr;enr;solar;pv;moyen;2031;27656;2030
gb;enr;solar;pv;moyen;2031;23500;2030
ie;enr;solar;pv;moyen;2031;120;2030
ni;enr;solar;pv;moyen;2031;295;2030
it;enr;solar;pv;moyen;2031;24861;2030
lu;enr;solar;pv;moyen;2031;195;2030
nl;enr;solar;pv;moyen;2031;10439;2030
pt;enr;solar;pv;moyen;2031;1505;2030
at;enr;solar;thermo;bas;2031;0;2030
be;enr;solar;thermo;bas;2031;0;2030
ch;enr;solar;thermo;bas;2031;0;2030
de;enr;solar;thermo;bas;2031;0;2030
es;enr;solar;thermo;bas;2031;2300;2030
fr;enr;solar;thermo;bas;2031;0;2030
gb;enr;solar;thermo;bas;2031;0;2030
ie;enr;solar;thermo;bas;2031;0;2030
ni;enr;solar;thermo;bas;2031;0;2030
it;enr;solar;thermo;bas;2031;0;2030
lu;enr;solar;thermo;bas;2031;0;2030
nl;enr;solar;thermo;bas;2031;0;2030
pt;enr;solar;thermo;bas;2031;0;2030
at;enr;solar;thermo;haut;2031;0;2030
be;enr;solar;thermo;haut;2031;0;2030
ch;enr;solar;thermo;haut;2031;0;2030
de;enr;solar;thermo;haut;2031;0;2030
es;enr;solar;thermo;haut;2031;2300;2030
fr;enr;solar;thermo;haut;2031;0;2030
gb;enr;solar;thermo;haut;2031;0;2030
ie;enr;solar;thermo;haut;2031;0;2030
ni;enr;solar;thermo;haut;2031;0;2030
it;enr;solar;thermo;haut;2031;0;2030
lu;enr;solar;thermo;haut;2031;0;2030
nl;enr;solar;thermo;haut;2031;0;2030
pt;enr;solar;thermo;haut;2031;0;2030
at;enr;solar;thermo;moyen;2031;0;2030
be;enr;solar;thermo;moyen;2031;0;2030
ch;enr;solar;thermo;moyen;2031;0;2030
de;enr;solar;thermo;moyen;2031;0;2030
es;enr;solar;thermo;moyen;2031;2300;2030
fr;enr;solar;thermo;moyen;2031;0;2030
gb;enr;solar;thermo;moyen;2031;0;2030
ie;enr;solar;thermo;moyen;2031;0;2030
ni;enr;solar;thermo;moyen;2031;0;2030
it;enr;solar;thermo;moyen;2031;0;2030
lu;enr;solar;thermo;moyen;2031;0;2030
nl;enr;solar;thermo;moyen;2031;0;2030
pt;enr;solar;thermo;moyen;2031;0;2030
at;enr;waste;waste;bas;2031;100;2030
be;enr;waste;waste;bas;2031;220;2030
ch;enr;waste;waste;bas;2031;300;2030
de;enr;waste;waste;bas;2031;1944;2030
es;enr;waste;waste;bas;2031;338;2030
fr;enr;waste;waste;bas;2031;937;2030
gb;enr;waste;waste;bas;2031;946;2030
ie;enr;waste;waste;bas;2031;41;2030
ni;enr;waste;waste;bas;2031;0;2030
it;enr;waste;waste;bas;2031;0;2030
lu;enr;waste;waste;bas;2031;20;2030
nl;enr;waste;waste;bas;2031;0;2030
pt;enr;waste;waste;bas;2031;350;2030
at;enr;waste;waste;haut;2031;100;2030
be;enr;waste;waste;haut;2031;220;2030
ch;enr;waste;waste;haut;2031;300;2030
de;enr;waste;waste;haut;2031;1944;2030
es;enr;waste;waste;haut;2031;338;2030
fr;enr;waste;waste;haut;2031;937;2030
gb;enr;waste;waste;haut;2031;1106;2030
ie;enr;waste;waste;haut;2031;41;2030
ni;enr;waste;waste;haut;2031;0;2030
it;enr;waste;waste;haut;2031;0;2030
lu;enr;waste;waste;haut;2031;20;2030
nl;enr;waste;waste;haut;2031;0;2030
pt;enr;waste;waste;haut;2031;350;2030
at;enr;waste;waste;moyen;2031;100;2030
be;enr;waste;waste;moyen;2031;220;2030
ch;enr;waste;waste;moyen;2031;300;2030
de;enr;waste;waste;moyen;2031;1944;2030
es;enr;waste;waste;moyen;2031;338;2030
fr;enr;waste;waste;moyen;2031;937;2030
gb;enr;waste;waste;moyen;2031;1006;2030
ie;enr;waste;waste;moyen;2031;41;2030
ni;enr;waste;waste;moyen;2031;0;2030
it;enr;waste;waste;moyen;2031;0;2030
lu;enr;waste;waste;moyen;2031;20;2030
nl;enr;waste;waste;moyen;2031;0;2030
pt;enr;waste;waste;moyen;2031;350;2030
at;enr;wave;wave;bas;2031;0;2030
be;enr;wave;wave;bas;2031;0;2030
ch;enr;wave;wave;bas;2031;0;2030
de;enr;wave;wave;bas;2031;0;2030
es;enr;wave;wave;bas;2031;0;2030
fr;enr;wave;wave;bas;2031;0;2030
gb;enr;wave;wave;bas;2031;0;2030
ie;enr;wave;wave;bas;2031;0;2030
ni;enr;wave;wave;bas;2031;0;2030
it;enr;wave;wave;bas;2031;0;2030
lu;enr;wave;wave;bas;2031;0;2030
nl;enr;wave;wave;bas;2031;0;2030
pt;enr;wave;wave;bas;2031;0;2030
at;enr;wave;wave;haut;2031;0;2030
be;enr;wave;wave;haut;2031;0;2030
ch;enr;wave;wave;haut;2031;0;2030
de;enr;wave;wave;haut;2031;0;2030
es;enr;wave;wave;haut;2031;0;2030
fr;enr;wave;wave;haut;2031;0;2030
gb;enr;wave;wave;haut;2031;302;2030
ie;enr;wave;wave;haut;2031;0;2030
ni;enr;wave;wave;haut;2031;0;2030
it;enr;wave;wave;haut;2031;0;2030
lu;enr;wave;wave;haut;2031;0;2030
nl;enr;wave;wave;haut;2031;0;2030
pt;enr;wave;wave;haut;2031;0;2030
at;enr;wave;wave;moyen;2031;0;2030
be;enr;wave;wave;moyen;2031;0;2030
ch;enr;wave;wave;moyen;2031;0;2030
de;enr;wave;wave;moyen;2031;0;2030
es;enr;wave;wave;moyen;2031;0;2030
fr;enr;wave;wave;moyen;2031;0;2030
gb;enr;wave;wave;moyen;2031;102;2030
ie;enr;wave;wave;moyen;2031;0;2030
ni;enr;wave;wave;moyen;2031;0;2030
it;enr;wave;wave;moyen;2031;0;2030
lu;enr;wave;wave;moyen;2031;0;2030
nl;enr;wave;wave;moyen;2031;0;2030
pt;enr;wave;wave;moyen;2031;0;2030
at;enr;wind;offshore;bas;2031;0;2030
be;enr;wind;offshore;bas;2031;2314;2030
ch;enr;wind;offshore;bas;2031;0;2030
de;enr;wind;offshore;bas;2031;10380;2030
es;enr;wind;offshore;bas;2031;0;2030
fr;enr;wind;offshore;bas;2031;4000;2030
gb;enr;wind;offshore;bas;2031;12244;2030
ie;enr;wind;offshore;bas;2031;25;2030
ni;enr;wind;offshore;bas;2031;0;2030
it;enr;wind;offshore;bas;2031;330;2030
lu;enr;wind;offshore;bas;2031;0;2030
nl;enr;wind;offshore;bas;2031;4601;2030
pt;enr;wind;offshore;bas;2031;0;2030
at;enr;wind;offshore;haut;2031;0;2030
be;enr;wind;offshore;haut;2031;2314;2030
ch;enr;wind;offshore;haut;2031;0;2030
de;enr;wind;offshore;haut;2031;16330;2030
es;enr;wind;offshore;haut;2031;0;2030
fr;enr;wind;offshore;haut;2031;10000;2030
gb;enr;wind;offshore;haut;2031;27844;2030
ie;enr;wind;offshore;haut;2031;625;2030
ni;enr;wind;offshore;haut;2031;100;2030
it;enr;wind;offshore;haut;2031;660;2030
lu;enr;wind;offshore;haut;2031;0;2030
nl;enr;wind;offshore;haut;2031;9501;2030
pt;enr;wind;offshore;haut;2031;0;2030
at;enr;wind;offshore;moyen;2031;0;2030
be;enr;wind;offshore;moyen;2031;2314;2030
ch;enr;wind;offshore;moyen;2031;0;2030
de;enr;wind;offshore;moyen;2031;13930;2030
es;enr;wind;offshore;moyen;2031;0;2030
fr;enr;wind;offshore;moyen;2031;7500;2030
gb;enr;wind;offshore;moyen;2031;19844;2030
ie;enr;wind;offshore;moyen;2031;225;2030
ni;enr;wind;offshore;moyen;2031;0;2030
it;enr;wind;offshore;moyen;2031;460;2030
lu;enr;wind;offshore;moyen;2031;0;2030
nl;enr;wind;offshore;moyen;2031;7051;2030
pt;enr;wind;offshore;moyen;2031;0;2030
at;enr;wind;onshore;bas;2031;4332;2030
be;enr;wind;onshore;bas;2031;3370;2030
ch;enr;wind;onshore;bas;2031;230;2030
de;enr;wind;onshore;bas;2031;65810;2030
es;enr;wind;onshore;bas;2031;27094;2030
fr;enr;wind;onshore;bas;2031;22243;2030
gb;enr;wind;onshore;bas;2031;11775;2030
ie;enr;wind;onshore;bas;2031;3785;2030
ni;enr;wind;onshore;bas;2031;1163;2030
it;enr;wind;onshore;bas;2031;12908;2030
lu;enr;wind;onshore;bas;2031;176;2030
nl;enr;wind;onshore;bas;2031;5579;2030
pt;enr;wind;onshore;bas;2031;5270;2030
at;enr;wind;onshore;haut;2031;5052;2030
be;enr;wind;onshore;haut;2031;4870;2030
ch;enr;wind;onshore;haut;2031;410;2030
de;enr;wind;onshore;haut;2031;81810;2030
es;enr;wind;onshore;haut;2031;37314;2030
fr;enr;wind;onshore;haut;2031;41343;2030
gb;enr;wind;onshore;haut;2031;18225;2030
ie;enr;wind;onshore;haut;2031;5450;2030
ni;enr;wind;onshore;haut;2031;1863;2030
it;enr;wind;onshore;haut;2031;18308;2030
lu;enr;wind;onshore;haut;2031;238;2030
nl;enr;wind;onshore;haut;2031;7399;2030
pt;enr;wind;onshore;haut;2031;6150;2030
at;enr;wind;onshore;moyen;2031;4332;2030
be;enr;wind;onshore;moyen;2031;4020;2030
ch;enr;wind;onshore;moyen;2031;230;2030
de;enr;wind;onshore;moyen;2031;74310;2030
es;enr;wind;onshore;moyen;2031;31074;2030
fr;enr;wind;onshore;moyen;2031;32743;2030
gb;enr;wind;onshore;moyen;2031;15825;2030
ie;enr;wind;onshore;moyen;2031;4685;2030
ni;enr;wind;onshore;moyen;2031;1538;2030
it;enr;wind;onshore;moyen;2031;15558;2030
lu;enr;wind;onshore;moyen;2031;204;2030
nl;enr;wind;onshore;moyen;2031;6799;2030
pt;enr;wind;onshore;moyen;2031;5560;2030
at;enr;biogas;biogas;bas;2036;0;2035
be;enr;biogas;biogas;bas;2036;0;2035
ch;enr;biogas;biogas;bas;2036;0;2035
de;enr;biogas;biogas;bas;2036;4273;2035
es;enr;biogas;biogas;bas;2036;0;2035
fr;enr;biogas;biogas;bas;2036;1028;2035
gb;enr;biogas;biogas;bas;2036;1614;2035
ie;enr;biogas;biogas;bas;2036;0;2035
ni;enr;biogas;biogas;bas;2036;0;2035
it;enr;biogas;biogas;bas;2036;0;2035
lu;enr;biogas;biogas;bas;2036;0;2035
nl;enr;biogas;biogas;bas;2036;0;2035
pt;enr;biogas;biogas;bas;2036;0;2035
at;enr;biogas;biogas;haut;2036;0;2035
be;enr;biogas;biogas;haut;2036;0;2035
ch;enr;biogas;biogas;haut;2036;0;2035
de;enr;biogas;biogas;haut;2036;6448;2035
es;enr;biogas;biogas;haut;2036;0;2035
fr;enr;biogas;biogas;haut;2036;1598;2035
gb;enr;biogas;biogas;haut;2036;1964;2035
ie;enr;biogas;biogas;haut;2036;0;2035
ni;enr;biogas;biogas;haut;2036;0;2035
it;enr;biogas;biogas;haut;2036;0;2035
lu;enr;biogas;biogas;haut;2036;0;2035
nl;enr;biogas;biogas;haut;2036;0;2035
pt;enr;biogas;biogas;haut;2036;0;2035
at;enr;biogas;biogas;moyen;2036;0;2035
be;enr;biogas;biogas;moyen;2036;0;2035
ch;enr;biogas;biogas;moyen;2036;0;2035
de;enr;biogas;biogas;moyen;2036;5748;2035
es;enr;biogas;biogas;moyen;2036;0;2035
fr;enr;biogas;biogas;moyen;2036;1228;2035
gb;enr;biogas;biogas;moyen;2036;1789;2035
ie;enr;biogas;biogas;moyen;2036;0;2035
ni;enr;biogas;biogas;moyen;2036;0;2035
it;enr;biogas;biogas;moyen;2036;0;2035
lu;enr;biogas;biogas;moyen;2036;0;2035
nl;enr;biogas;biogas;moyen;2036;0;2035
pt;enr;biogas;biogas;moyen;2036;0;2035
at;enr;biomass;biomass;bas;2036;500;2035
be;enr;biomass;biomass;bas;2036;700;2035
ch;enr;biomass;biomass;bas;2036;830;2035
de;enr;biomass;biomass;bas;2036;1830;2035
es;enr;biomass;biomass;bas;2036;1842;2035
fr;enr;biomass;biomass;bas;2036;1051;2035
gb;enr;biomass;biomass;bas;2036;1038;2035
ie;enr;biomass;biomass;bas;2036;54;2035
ni;enr;biomass;biomass;bas;2036;70;2035
it;enr;biomass;biomass;bas;2036;4287;2035
lu;enr;biomass;biomass;bas;2036;20;2035
nl;enr;biomass;biomass;bas;2036;0;2035
pt;enr;biomass;biomass;bas;2036;150;2035
at;enr;biomass;biomass;haut;2036;500;2035
be;enr;biomass;biomass;haut;2036;700;2035
ch;enr;biomass;biomass;haut;2036;830;2035
de;enr;biomass;biomass;haut;2036;2480;2035
es;enr;biomass;biomass;haut;2036;3302;2035
fr;enr;biomass;biomass;haut;2036;1541;2035
gb;enr;biomass;biomass;haut;2036;3580;2035
ie;enr;biomass;biomass;haut;2036;344;2035
ni;enr;biomass;biomass;haut;2036;135;2035
it;enr;biomass;biomass;haut;2036;5837;2035
lu;enr;biomass;biomass;haut;2036;20;2035
nl;enr;biomass;biomass;haut;2036;0;2035
pt;enr;biomass;biomass;haut;2036;150;2035
at;enr;biomass;biomass;moyen;2036;500;2035
be;enr;biomass;biomass;moyen;2036;700;2035
ch;enr;biomass;biomass;moyen;2036;830;2035
de;enr;biomass;biomass;moyen;2036;1830;2035
es;enr;biomass;biomass;moyen;2036;2552;2035
fr;enr;biomass;biomass;moyen;2036;1321;2035
gb;enr;biomass;biomass;moyen;2036;2448;2035
ie;enr;biomass;biomass;moyen;2036;174;2035
ni;enr;biomass;biomass;moyen;2036;87;2035
it;enr;biomass;biomass;moyen;2036;4987;2035
lu;enr;biomass;biomass;moyen;2036;20;2035
nl;enr;biomass;biomass;moyen;2036;0;2035
pt;enr;biomass;biomass;moyen;2036;150;2035
at;enr;geothermal;geothermal;bas;2036;0;2035
be;enr;geothermal;geothermal;bas;2036;0;2035
ch;enr;geothermal;geothermal;bas;2036;0;2035
de;enr;geothermal;geothermal;bas;2036;39;2035
es;enr;geothermal;geothermal;bas;2036;0;2035
fr;enr;geothermal;geothermal;bas;2036;0;2035
gb;enr;geothermal;geothermal;bas;2036;0;2035
ie;enr;geothermal;geothermal;bas;2036;0;2035
ni;enr;geothermal;geothermal;bas;2036;0;2035
it;enr;geothermal;geothermal;bas;2036;824;2035
lu;enr;geothermal;geothermal;bas;2036;0;2035
nl;enr;geothermal;geothermal;bas;2036;0;2035
pt;enr;geothermal;geothermal;bas;2036;0;2035
at;enr;geothermal;geothermal;haut;2036;0;2035
be;enr;geothermal;geothermal;haut;2036;0;2035
ch;enr;geothermal;geothermal;haut;2036;0;2035
de;enr;geothermal;geothermal;haut;2036;39;2035
es;enr;geothermal;geothermal;haut;2036;0;2035
fr;enr;geothermal;geothermal;haut;2036;0;2035
gb;enr;geothermal;geothermal;haut;2036;15;2035
ie;enr;geothermal;geothermal;haut;2036;0;2035
ni;enr;geothermal;geothermal;haut;2036;0;2035
it;enr;geothermal;geothermal;haut;2036;1174;2035
lu;enr;geothermal;geothermal;haut;2036;0;2035
nl;enr;geothermal;geothermal;haut;2036;0;2035
pt;enr;geothermal;geothermal;haut;2036;0;2035
at;enr;geothermal;geothermal;moyen;2036;0;2035
be;enr;geothermal;geothermal;moyen;2036;0;2035
ch;enr;geothermal;geothermal;moyen;2036;0;2035
de;enr;geothermal;geothermal;moyen;2036;39;2035
es;enr;geothermal;geothermal;moyen;2036;0;2035
fr;enr;geothermal;geothermal;moyen;2036;0;2035
gb;enr;geothermal;geothermal;moyen;2036;0;2035
ie;enr;geothermal;geothermal;moyen;2036;0;2035
ni;enr;geothermal;geothermal;moyen;2036;0;2035
it;enr;geothermal;geothermal;moyen;2036;999;2035
lu;enr;geothermal;geothermal;moyen;2036;0;2035
nl;enr;geothermal;geothermal;moyen;2036;0;2035
pt;enr;geothermal;geothermal;moyen;2036;0;2035
at;enr;hydro;hydro;bas;2036;4500;2035
be;enr;hydro;hydro;bas;2036;1000;2035
ch;enr;hydro;hydro;bas;2036;8000;2035
de;enr;hydro;hydro;bas;2036;900;2035
es;enr;hydro;hydro;bas;2036;5500;2035
fr;enr;hydro;hydro;bas;2036;21400;2035
gb;enr;hydro;hydro;bas;2036;800;2035
ie;enr;hydro;hydro;bas;2036;200;2035
ni;enr;hydro;hydro;bas;2036;0;2035
it;enr;hydro;hydro;bas;2036;5000;2035
lu;enr;hydro;hydro;bas;2036;0;2035
nl;enr;hydro;hydro;bas;2036;0;2035
pt;enr;hydro;hydro;bas;2036;0;2035
at;enr;hydro;hydro;haut;2036;4500;2035
be;enr;hydro;hydro;haut;2036;1000;2035
ch;enr;hydro;hydro;haut;2036;8000;2035
de;enr;hydro;hydro;haut;2036;900;2035
es;enr;hydro;hydro;haut;2036;5500;2035
fr;enr;hydro;hydro;haut;2036;21400;2035
gb;enr;hydro;hydro;haut;2036;800;2035
ie;enr;hydro;hydro;haut;2036;200;2035
ni;enr;hydro;hydro;haut;2036;0;2035
it;enr;hydro;hydro;haut;2036;5000;2035
lu;enr;hydro;hydro;haut;2036;0;2035
nl;enr;hydro;hydro;haut;2036;0;2035
pt;enr;hydro;hydro;haut;2036;0;2035
at;enr;hydro;hydro;moyen;2036;4500;2035
be;enr;hydro;hydro;moyen;2036;1000;2035
ch;enr;hydro;hydro;moyen;2036;8000;2035
de;enr;hydro;hydro;moyen;2036;900;2035
es;enr;hydro;hydro;moyen;2036;5500;2035
fr;enr;hydro;hydro;moyen;2036;21400;2035
gb;enr;hydro;hydro;moyen;2036;800;2035
ie;enr;hydro;hydro;moyen;2036;200;2035
ni;enr;hydro;hydro;moyen;2036;0;2035
it;enr;hydro;hydro;moyen;2036;5000;2035
lu;enr;hydro;hydro;moyen;2036;0;2035
nl;enr;hydro;hydro;moyen;2036;0;2035
pt;enr;hydro;hydro;moyen;2036;0;2035
at;enr;hydro;step;bas;2036;5700;2035
be;enr;hydro;step;bas;2036;1100;2035
ch;enr;hydro;step;bas;2036;4000;2035
de;enr;hydro;step;bas;2036;4700;2035
es;enr;hydro;step;bas;2036;5000;2035
fr;enr;hydro;step;bas;2036;4200;2035
gb;enr;hydro;step;bas;2036;2000;2035
ie;enr;hydro;step;bas;2036;200;2035
it;enr;hydro;step;bas;2036;4000;2035
lu;enr;hydro;step;bas;2036;0;2035
ni;enr;hydro;step;bas;2036;0;2035
nl;enr;hydro;step;bas;2036;0;2035
pt;enr;hydro;step;bas;2036;2900;2035
at;enr;hydro;step;haut;2036;5700;2035
be;enr;hydro;step;haut;2036;1100;2035
ch;enr;hydro;step;haut;2036;4000;2035
de;enr;hydro;step;haut;2036;7500;2035
es;enr;hydro;step;haut;2036;5000;2035
fr;enr;hydro;step;haut;2036;6200;2035
gb;enr;hydro;step;haut;2036;2700;2035
ie;enr;hydro;step;haut;2036;200;2035
ni;enr;hydro;step;haut;2036;4000;2035
it;enr;hydro;step;haut;2036;0;2035
lu;enr;hydro;step;haut;2036;0;2035
nl;enr;hydro;step;haut;2036;0;2035
pt;enr;hydro;step;haut;2036;2900;2035
at;enr;hydro;step;moyen;2036;5700;2035
be;enr;hydro;step;moyen;2036;1100;2035
ch;enr;hydro;step;moyen;2036;4000;2035
de;enr;hydro;step;moyen;2036;5500;2035
es;enr;hydro;step;moyen;2036;5000;2035
fr;enr;hydro;step;moyen;2036;4200;2035
gb;enr;hydro;step;moyen;2036;2700;2035
ie;enr;hydro;step;moyen;2036;200;2035
ni;enr;hydro;step;moyen;2036;4000;2035
it;enr;hydro;step;moyen;2036;0;2035
lu;enr;hydro;step;moyen;2036;0;2035
nl;enr;hydro;step;moyen;2036;0;2035
pt;enr;hydro;step;moyen;2036;2900;2035
at;enr;hydrokinetic;hydrokinetic;bas;2036;0;2035
be;enr;hydrokinetic;hydrokinetic;bas;2036;0;2035
ch;enr;hydrokinetic;hydrokinetic;bas;2036;0;2035
de;enr;hydrokinetic;hydrokinetic;bas;2036;0;2035
es;enr;hydrokinetic;hydrokinetic;bas;2036;0;2035
fr;enr;hydrokinetic;hydrokinetic;bas;2036;100;2035
gb;enr;hydrokinetic;hydrokinetic;bas;2036;13;2035
ie;enr;hydrokinetic;hydrokinetic;bas;2036;0;2035
ni;enr;hydrokinetic;hydrokinetic;bas;2036;1;2035
it;enr;hydrokinetic;hydrokinetic;bas;2036;0;2035
lu;enr;hydrokinetic;hydrokinetic;bas;2036;0;2035
nl;enr;hydrokinetic;hydrokinetic;bas;2036;0;2035
pt;enr;hydrokinetic;hydrokinetic;bas;2036;0;2035
at;enr;hydrokinetic;hydrokinetic;haut;2036;0;2035
be;enr;hydrokinetic;hydrokinetic;haut;2036;0;2035
ch;enr;hydrokinetic;hydrokinetic;haut;2036;0;2035
de;enr;hydrokinetic;hydrokinetic;haut;2036;0;2035
es;enr;hydrokinetic;hydrokinetic;haut;2036;0;2035
fr;enr;hydrokinetic;hydrokinetic;haut;2036;3000;2035
gb;enr;hydrokinetic;hydrokinetic;haut;2036;1828;2035
ie;enr;hydrokinetic;hydrokinetic;haut;2036;0;2035
ni;enr;hydrokinetic;hydrokinetic;haut;2036;101;2035
it;enr;hydrokinetic;hydrokinetic;haut;2036;0;2035
lu;enr;hydrokinetic;hydrokinetic;haut;2036;0;2035
nl;enr;hydrokinetic;hydrokinetic;haut;2036;0;2035
pt;enr;hydrokinetic;hydrokinetic;haut;2036;0;2035
at;enr;hydrokinetic;hydrokinetic;moyen;2036;0;2035
be;enr;hydrokinetic;hydrokinetic;moyen;2036;0;2035
ch;enr;hydrokinetic;hydrokinetic;moyen;2036;0;2035
de;enr;hydrokinetic;hydrokinetic;moyen;2036;0;2035
es;enr;hydrokinetic;hydrokinetic;moyen;2036;0;2035
fr;enr;hydrokinetic;hydrokinetic;moyen;2036;1000;2035
gb;enr;hydrokinetic;hydrokinetic;moyen;2036;513;2035
ie;enr;hydrokinetic;hydrokinetic;moyen;2036;0;2035
ni;enr;hydrokinetic;hydrokinetic;moyen;2036;11;2035
it;enr;hydrokinetic;hydrokinetic;moyen;2036;0;2035
lu;enr;hydrokinetic;hydrokinetic;moyen;2036;0;2035
nl;enr;hydrokinetic;hydrokinetic;moyen;2036;0;2035
pt;enr;hydrokinetic;hydrokinetic;moyen;2036;0;2035
at;enr;other;other;bas;2036;0;2035
be;enr;other;other;bas;2036;0;2035
ch;enr;other;other;bas;2036;0;2035
de;enr;other;other;bas;2036;600;2035
es;enr;other;other;bas;2036;1317;2035
fr;enr;other;other;bas;2036;0;2035
gb;enr;other;other;bas;2036;0;2035
ie;enr;other;other;bas;2036;0;2035
ni;enr;other;other;bas;2036;0;2035
it;enr;other;other;bas;2036;237;2035
lu;enr;other;other;bas;2036;0;2035
nl;enr;other;other;bas;2036;0;2035
pt;enr;other;other;bas;2036;0;2035
at;enr;other;other;haut;2036;0;2035
be;enr;other;other;haut;2036;0;2035
ch;enr;other;other;haut;2036;0;2035
de;enr;other;other;haut;2036;600;2035
es;enr;other;other;haut;2036;2192;2035
fr;enr;other;other;haut;2036;0;2035
gb;enr;other;other;haut;2036;0;2035
ie;enr;other;other;haut;2036;0;2035
ni;enr;other;other;haut;2036;0;2035
it;enr;other;other;haut;2036;487;2035
lu;enr;other;other;haut;2036;0;2035
nl;enr;other;other;haut;2036;0;2035
pt;enr;other;other;haut;2036;0;2035
at;enr;other;other;moyen;2036;0;2035
be;enr;other;other;moyen;2036;0;2035
ch;enr;other;other;moyen;2036;0;2035
de;enr;other;other;moyen;2036;600;2035
es;enr;other;other;moyen;2036;1754;2035
fr;enr;other;other;moyen;2036;0;2035
gb;enr;other;other;moyen;2036;0;2035
ie;enr;other;other;moyen;2036;0;2035
ni;enr;other;other;moyen;2036;0;2035
it;enr;other;other;moyen;2036;387;2035
lu;enr;other;other;moyen;2036;0;2035
nl;enr;other;other;moyen;2036;0;2035
pt;enr;other;other;moyen;2036;0;2035
at;enr;solar;pv;bas;2036;2700;2035
be;enr;solar;pv;bas;2036;5400;2035
ch;enr;solar;pv;bas;2036;3440;2035
de;enr;solar;pv;bas;2036;52450;2035
es;enr;solar;pv;bas;2036;19855;2035
fr;enr;solar;pv;bas;2036;0;2035
gb;enr;solar;pv;bas;2036;13050;2035
ie;enr;solar;pv;bas;2036;29;2035
ni;enr;solar;pv;bas;2036;243;2035
it;enr;solar;pv;bas;2036;24961;2035
lu;enr;solar;pv;bas;2036;215;2035
nl;enr;solar;pv;bas;2036;9239;2035
pt;enr;solar;pv;bas;2036;845;2035
at;enr;solar;pv;haut;2036;5510;2035
be;enr;solar;pv;haut;2036;7580;2035
ch;enr;solar;pv;haut;2036;7040;2035
de;enr;solar;pv;haut;2036;73850;2035
es;enr;solar;pv;haut;2036;47125;2035
fr;enr;solar;pv;haut;2036;48456;2035
gb;enr;solar;pv;haut;2036;38700;2035
ie;enr;solar;pv;haut;2036;495;2035
ni;enr;solar;pv;haut;2036;437;2035
it;enr;solar;pv;haut;2036;39561;2035
lu;enr;solar;pv;haut;2036;215;2035
nl;enr;solar;pv;haut;2036;14639;2035
pt;enr;solar;pv;haut;2036;2020;2035
at;enr;solar;pv;moyen;2036;3350;2035
be;enr;solar;pv;moyen;2036;6270;2035
ch;enr;solar;pv;moyen;2036;5240;2035
de;enr;solar;pv;moyen;2036;61950;2035
es;enr;solar;pv;moyen;2036;39900;2035
fr;enr;solar;pv;moyen;2036;35656;2035
gb;enr;solar;pv;moyen;2036;26500;2035
ie;enr;solar;pv;moyen;2036;200;2035
ni;enr;solar;pv;moyen;2036;330;2035
it;enr;solar;pv;moyen;2036;26861;2035
lu;enr;solar;pv;moyen;2036;215;2035
nl;enr;solar;pv;moyen;2036;12839;2035
pt;enr;solar;pv;moyen;2036;1805;2035
at;enr;solar;thermo;bas;2036;0;2035
be;enr;solar;thermo;bas;2036;0;2035
ch;enr;solar;thermo;bas;2036;0;2035
de;enr;solar;thermo;bas;2036;0;2035
es;enr;solar;thermo;bas;2036;2300;2035
fr;enr;solar;thermo;bas;2036;0;2035
gb;enr;solar;thermo;bas;2036;0;2035
ie;enr;solar;thermo;bas;2036;0;2035
ni;enr;solar;thermo;bas;2036;0;2035
it;enr;solar;thermo;bas;2036;0;2035
lu;enr;solar;thermo;bas;2036;0;2035
nl;enr;solar;thermo;bas;2036;0;2035
pt;enr;solar;thermo;bas;2036;0;2035
at;enr;solar;thermo;haut;2036;0;2035
be;enr;solar;thermo;haut;2036;0;2035
ch;enr;solar;thermo;haut;2036;0;2035
de;enr;solar;thermo;haut;2036;0;2035
es;enr;solar;thermo;haut;2036;2300;2035
fr;enr;solar;thermo;haut;2036;0;2035
gb;enr;solar;thermo;haut;2036;0;2035
ie;enr;solar;thermo;haut;2036;0;2035
ni;enr;solar;thermo;haut;2036;0;2035
it;enr;solar;thermo;haut;2036;0;2035
lu;enr;solar;thermo;haut;2036;0;2035
nl;enr;solar;thermo;haut;2036;0;2035
pt;enr;solar;thermo;haut;2036;0;2035
at;enr;solar;thermo;moyen;2036;0;2035
be;enr;solar;thermo;moyen;2036;0;2035
ch;enr;solar;thermo;moyen;2036;0;2035
de;enr;solar;thermo;moyen;2036;0;2035
es;enr;solar;thermo;moyen;2036;2300;2035
fr;enr;solar;thermo;moyen;2036;0;2035
gb;enr;solar;thermo;moyen;2036;0;2035
ie;enr;solar;thermo;moyen;2036;0;2035
ni;enr;solar;thermo;moyen;2036;0;2035
it;enr;solar;thermo;moyen;2036;0;2035
lu;enr;solar;thermo;moyen;2036;0;2035
nl;enr;solar;thermo;moyen;2036;0;2035
pt;enr;solar;thermo;moyen;2036;0;2035
at;enr;waste;waste;bas;2036;100;2035
be;enr;waste;waste;bas;2036;220;2035
ch;enr;waste;waste;bas;2036;300;2035
de;enr;waste;waste;bas;2036;1944;2035
es;enr;waste;waste;bas;2036;338;2035
fr;enr;waste;waste;bas;2036;937;2035
gb;enr;waste;waste;bas;2036;946;2035
ie;enr;waste;waste;bas;2036;41;2035
ni;enr;waste;waste;bas;2036;0;2035
it;enr;waste;waste;bas;2036;0;2035
lu;enr;waste;waste;bas;2036;20;2035
nl;enr;waste;waste;bas;2036;0;2035
pt;enr;waste;waste;bas;2036;350;2035
at;enr;waste;waste;haut;2036;100;2035
be;enr;waste;waste;haut;2036;220;2035
ch;enr;waste;waste;haut;2036;300;2035
de;enr;waste;waste;haut;2036;1944;2035
es;enr;waste;waste;haut;2036;338;2035
fr;enr;waste;waste;haut;2036;937;2035
gb;enr;waste;waste;haut;2036;1106;2035
ie;enr;waste;waste;haut;2036;41;2035
ni;enr;waste;waste;haut;2036;0;2035
it;enr;waste;waste;haut;2036;0;2035
lu;enr;waste;waste;haut;2036;20;2035
nl;enr;waste;waste;haut;2036;0;2035
pt;enr;waste;waste;haut;2036;350;2035
at;enr;waste;waste;moyen;2036;100;2035
be;enr;waste;waste;moyen;2036;220;2035
ch;enr;waste;waste;moyen;2036;300;2035
de;enr;waste;waste;moyen;2036;1944;2035
es;enr;waste;waste;moyen;2036;338;2035
fr;enr;waste;waste;moyen;2036;937;2035
gb;enr;waste;waste;moyen;2036;1006;2035
ie;enr;waste;waste;moyen;2036;41;2035
ni;enr;waste;waste;moyen;2036;0;2035
it;enr;waste;waste;moyen;2036;0;2035
lu;enr;waste;waste;moyen;2036;20;2035
nl;enr;waste;waste;moyen;2036;0;2035
pt;enr;waste;waste;moyen;2036;350;2035
at;enr;wave;wave;bas;2036;0;2035
be;enr;wave;wave;bas;2036;0;2035
ch;enr;wave;wave;bas;2036;0;2035
de;enr;wave;wave;bas;2036;0;2035
es;enr;wave;wave;bas;2036;0;2035
fr;enr;wave;wave;bas;2036;0;2035
gb;enr;wave;wave;bas;2036;0;2035
ie;enr;wave;wave;bas;2036;0;2035
ni;enr;wave;wave;bas;2036;0;2035
it;enr;wave;wave;bas;2036;0;2035
lu;enr;wave;wave;bas;2036;0;2035
nl;enr;wave;wave;bas;2036;0;2035
pt;enr;wave;wave;bas;2036;0;2035
at;enr;wave;wave;haut;2036;0;2035
be;enr;wave;wave;haut;2036;0;2035
ch;enr;wave;wave;haut;2036;0;2035
de;enr;wave;wave;haut;2036;0;2035
es;enr;wave;wave;haut;2036;0;2035
fr;enr;wave;wave;haut;2036;0;2035
gb;enr;wave;wave;haut;2036;302;2035
ie;enr;wave;wave;haut;2036;0;2035
ni;enr;wave;wave;haut;2036;0;2035
it;enr;wave;wave;haut;2036;0;2035
lu;enr;wave;wave;haut;2036;0;2035
nl;enr;wave;wave;haut;2036;0;2035
pt;enr;wave;wave;haut;2036;0;2035
at;enr;wave;wave;moyen;2036;0;2035
be;enr;wave;wave;moyen;2036;0;2035
ch;enr;wave;wave;moyen;2036;0;2035
de;enr;wave;wave;moyen;2036;0;2035
es;enr;wave;wave;moyen;2036;0;2035
fr;enr;wave;wave;moyen;2036;0;2035
gb;enr;wave;wave;moyen;2036;102;2035
ie;enr;wave;wave;moyen;2036;0;2035
ni;enr;wave;wave;moyen;2036;0;2035
it;enr;wave;wave;moyen;2036;0;2035
lu;enr;wave;wave;moyen;2036;0;2035
nl;enr;wave;wave;moyen;2036;0;2035
pt;enr;wave;wave;moyen;2036;0;2035
at;enr;wind;offshore;bas;2036;0;2035
be;enr;wind;offshore;bas;2036;2314;2035
ch;enr;wind;offshore;bas;2036;0;2035
de;enr;wind;offshore;bas;2036;12880;2035
es;enr;wind;offshore;bas;2036;0;2035
fr;enr;wind;offshore;bas;2036;4000;2035
gb;enr;wind;offshore;bas;2036;15244;2035
ie;enr;wind;offshore;bas;2036;25;2035
ni;enr;wind;offshore;bas;2036;0;2035
it;enr;wind;offshore;bas;2036;480;2035
lu;enr;wind;offshore;bas;2036;0;2035
nl;enr;wind;offshore;bas;2036;4601;2035
pt;enr;wind;offshore;bas;2036;0;2035
at;enr;wind;offshore;haut;2036;0;2035
be;enr;wind;offshore;haut;2036;2314;2035
ch;enr;wind;offshore;haut;2036;0;2035
de;enr;wind;offshore;haut;2036;20330;2035
es;enr;wind;offshore;haut;2036;0;2035
fr;enr;wind;offshore;haut;2036;15000;2035
gb;enr;wind;offshore;haut;2036;29144;2035
ie;enr;wind;offshore;haut;2036;625;2035
ni;enr;wind;offshore;haut;2036;100;2035
it;enr;wind;offshore;haut;2036;960;2035
lu;enr;wind;offshore;haut;2036;0;2035
nl;enr;wind;offshore;haut;2036;12301;2035
pt;enr;wind;offshore;haut;2036;0;2035
at;enr;wind;offshore;moyen;2036;0;2035
be;enr;wind;offshore;moyen;2036;2314;2035
ch;enr;wind;offshore;moyen;2036;0;2035
de;enr;wind;offshore;moyen;2036;16430;2035
es;enr;wind;offshore;moyen;2036;0;2035
fr;enr;wind;offshore;moyen;2036;10000;2035
gb;enr;wind;offshore;moyen;2036;22344;2035
ie;enr;wind;offshore;moyen;2036;225;2035
ni;enr;wind;offshore;moyen;2036;0;2035
it;enr;wind;offshore;moyen;2036;685;2035
lu;enr;wind;offshore;moyen;2036;0;2035
nl;enr;wind;offshore;moyen;2036;8451;2035
pt;enr;wind;offshore;moyen;2036;0;2035
at;enr;wind;onshore;bas;2036;4732;2035
be;enr;wind;onshore;bas;2036;3770;2035
ch;enr;wind;onshore;bas;2036;270;2035
de;enr;wind;onshore;bas;2036;68310;2035
es;enr;wind;onshore;bas;2036;28094;2035
fr;enr;wind;onshore;bas;2036;25993;2035
gb;enr;wind;onshore;bas;2036;11775;2035
ie;enr;wind;onshore;bas;2036;3910;2035
ni;enr;wind;onshore;bas;2036;1163;2035
it;enr;wind;onshore;bas;2036;14158;2035
lu;enr;wind;onshore;bas;2036;192;2035
nl;enr;wind;onshore;bas;2036;5979;2035
pt;enr;wind;onshore;bas;2036;5270;2035
at;enr;wind;onshore;haut;2036;5532;2035
be;enr;wind;onshore;haut;2036;5870;2035
ch;enr;wind;onshore;haut;2036;570;2035
de;enr;wind;onshore;haut;2036;89810;2035
es;enr;wind;onshore;haut;2036;41414;2035
fr;enr;wind;onshore;haut;2036;52343;2035
gb;enr;wind;onshore;haut;2036;19225;2035
ie;enr;wind;onshore;haut;2036;5725;2035
ni;enr;wind;onshore;haut;2036;1863;2035
it;enr;wind;onshore;haut;2036;21558;2035
lu;enr;wind;onshore;haut;2036;270;2035
nl;enr;wind;onshore;haut;2036;8199;2035
pt;enr;wind;onshore;haut;2036;6400;2035
at;enr;wind;onshore;moyen;2036;4732;2035
be;enr;wind;onshore;moyen;2036;4680;2035
ch;enr;wind;onshore;moyen;2036;270;2035
de;enr;wind;onshore;moyen;2036;81810;2035
es;enr;wind;onshore;moyen;2036;33074;2035
fr;enr;wind;onshore;moyen;2036;39243;2035
gb;enr;wind;onshore;moyen;2036;16175;2035
ie;enr;wind;onshore;moyen;2036;4785;2035
ni;enr;wind;onshore;moyen;2036;1538;2035
it;enr;wind;onshore;moyen;2036;17808;2035
lu;enr;wind;onshore;moyen;2036;220;2035
nl;enr;wind;onshore;moyen;2036;7199;2035
pt;enr;wind;onshore;moyen;2036;5560;2035
at;thermal;gaz;gas_pcomp_mid;base;2026;0;2025
at;thermal;gaz;gas_pcomp_peak;base;2026;0;2025
at;thermal;gaz;gas_ccgt_new;base;2026;2044;2025
at;thermal;gaz;gas_ccgt_old_1;base;2026;308,1;2025
at;thermal;gaz;gas_ccgt_old_2;base;2026;1035,36;2025
at;thermal;gaz;gas_conventional_old_1;base;2026;0;2025
at;thermal;gaz;gas_conventional_old_2;base;2026;910;2025
at;thermal;gaz;gas_ocgt_old;base;2026;95,5;2025
at;thermal;charbon;hard_coal_new;base;2026;0;2025
at;thermal;charbon;hard_coal_old_2;base;2026;0;2025
be;thermal;gaz;gas_pcomp_mid;base;2026;0;2025
be;thermal;gaz;gas_pcomp_peak;base;2026;0;2025
be;thermal;gaz;gas_small_cipu;base;2026;560;2025
be;thermal;gaz;gas_small_non_cipu;base;2026;1157;2025
be;thermal;gaz;reserve;base;2026;0;2025
be;thermal;gaz;gas_ccgt_new;base;2026;2672;2025
be;thermal;gaz;gas_ccgt_old_1;base;2026;357;2025
be;thermal;gaz;gas_ccgt_old_2;base;2026;770;2025
be;thermal;gaz;gas_conventional_old_2;base;2026;305;2025
be;thermal;gaz;gas_ocgt_new;base;2026;305;2025
be;thermal;gaz;gas_ocgt_old;base;2026;300;2025
be;nuclear;nuclaire;nuclear;base;2026;0;2025
ch;thermal;gaz;gas_pcomp_mid;base;2026;0;2025
ch;thermal;gaz;gas_pcomp_peak;base;2026;0;2025
ch;thermal;gaz;gas_small;base;2026;770;2025
ch;nuclear;nuclaire;nuclear;base;2026;2180;2025
de;thermal;gaz;gas_pcomp_mid;base;2026;0;2025
de;thermal;gaz;gas_pcomp_peak;base;2026;0;2025
de;thermal;effacement;dsr;base;2026;500;2025
de;thermal;lignite;climate_reserve;base;2026;0;2025
de;thermal;autre;grid_reserve;base;2026;4847;2025
de;thermal;gaz;gas_cogen;base;2026;6400;2025
de;thermal;gaz;gas_ccgt_new;base;2026;9221,502;2025
de;thermal;gaz;gas_ccgt_old_1;base;2026;52;2025
de;thermal;gaz;gas_ccgt_old_2;base;2026;3501,798;2025
de;thermal;gaz;gas_conventional_new;base;2026;517,4;2025
de;thermal;gaz;gas_conventional_old_1;base;2026;147,76;2025
de;thermal;gaz;gas_conventional_old_2;base;2026;77,9;2025
de;thermal;gaz;gas_ocgt_new;base;2026;868,213;2025
de;thermal;gaz;gas_ocgt_old;base;2026;1197,349;2025
de;thermal;charbon;hard_coal_new;base;2026;8012;2025
de;thermal;charbon;hard_coal_old_1;base;2026;8458,5;2025
de;thermal;charbon;hard_coal_old_2;base;2026;2665;2025
de;thermal;fioul;heavy_oil_new;base;2026;15,1;2025
de;thermal;fioul;heavy_oil_old_1;base;2026;182,69;2025
de;thermal;fioul;heavy_oil_old_2;base;2026;344,76;2025
de;thermal;fioul;light_oil;base;2026;341,8;2025
de;thermal;lignite;lignite_new;base;2026;6074,3;2025
de;thermal;lignite;lignite_old_1;base;2026;3619,3;2025
de;thermal;lignite;lignite_old_2;base;2026;2650,8;2025
de;nuclear;nuclaire;nuclear;base;2026;0;2025
de;thermal;autre;other;base;2026;373,7;2025
es;thermal;gaz;gas_ccgt_old_1;base;2026;0;2025
es;thermal;gaz;gas_ccgt_old_2;base;2026;21460;2025
es;thermal;gaz;gas_ccgt_new;base;2026;3361;2025
es;thermal;gaz;gas_ocgt_old;base;2026;177;2025
es;thermal;charbon;hard_coal_old_1;base;2026;0;2025
es;thermal;charbon;hard_coal_old_2;base;2026;5454;2025
es;thermal;fioul;heavy_oil_old_1;base;2026;0;2025
es;thermal;lignite;lignite_old_1;base;2026;0;2025
es;thermal;lignite;lignite_old_2;base;2026;0;2025
es;nuclear;nuclaire;nuclear;base;2026;7162;2025
es;thermal;gaz;gas_ccgt_old_2_RESERVE;base;2026;0;2025
es;thermal;gaz;gas_small;base;2026;4918;2025
gb;thermal;gaz;gas_pcomp_mid;base;2026;0;2025
gb;thermal;gaz;gas_pcomp_peak;base;2026;0;2025
gb;thermal;effacement;dsr;base;2026;1850;2025
gb;thermal;autre;sbr;base;2026;0;2025
gb;thermal;gaz;gas_cogen_other;base;2026;2500;2025
gb;thermal;gaz;gas_ccgt_new;base;2026;20525,25;2025
gb;thermal;gaz;gas_ccgt_old_2;base;2026;8665;2025
gb;thermal;gaz;gas_cogen;base;2026;1157,202;2025
gb;thermal;gaz;gas_conventional_new;base;2026;52;2025
gb;thermal;gaz;gas_conventional_old_1;base;2026;0;2025
gb;thermal;gaz;gas_ocgt_new;base;2026;780,3;2025
gb;thermal;gaz;gas_ocgt_old;base;2026;387,606;2025
gb;thermal;charbon;hard_coal_new;base;2026;0;2025
gb;thermal;charbon;hard_coal_old_1;base;2026;0;2025
gb;thermal;charbon;hard_coal_old_2;base;2026;0;2025
gb;thermal;fioul;heavy_oil_old_1;base;2026;0;2025
gb;thermal;fioul;heavy_oil_old_2;base;2026;0;2025
gb;thermal;fioul;light_oil;base;2026;401,9;2025
gb;nuclear;nuclaire;nuclear;base;2026;4663;2025
gb;thermal;autre;other;base;2026;0;2025
ie;thermal;gaz;gas_pcomp_mid;base;2026;0;2025
ie;thermal;gaz;gas_pcomp_peak;base;2026;0;2025
ie;thermal;effacement;dsr;base;2026;270;2025
ie;thermal;gaz;gas_cogen;base;2026;167,533;2025
ie;thermal;gaz;gas_ccgt_new;base;2026;3297;2025
ie;thermal;gaz;gas_conventional_old_1;base;2026;0;2025
ie;thermal;gaz;gas_ocgt_old;base;2026;0;2025
ie;thermal;gaz;gas_ocgt_new;base;2026;56;2025
ie;thermal;lignite;lignite_old_1;base;2026;0;2025
ie;thermal;charbon;hard_coal_old_1;base;2026;855;2025
ie;thermal;gaz;biogas;base;2026;7,54;2025
ie;thermal;lignite;lignite_new;base;2026;346;2025
ie;thermal;fioul;light_oil;base;2026;324;2025
ie;thermal;fioul;heavy_oil_old_1;base;2026;0;2025
ie;thermal;gaz;gas_ccgt_old_1;base;2026;0;2025
it;thermal;gaz;gas_ccgt_old_1;base;2026;2361;2025
it;thermal;gaz;gas_ccgt_old_2;base;2026;27753,8;2025
it;thermal;gaz;gas_ccgt_new;base;2026;4918;2025
it;thermal;gaz;gas_conventional_old_1;base;2026;0;2025
it;thermal;gaz;gas_ocgt_new;base;2026;80;2025
it;thermal;gaz;gas_ocgt_old;base;2026;514;2025
it;thermal;charbon;hard_coal_new;base;2026;1980;2025
it;thermal;charbon;hard_coal_old_1;base;2026;0;2025
it;thermal;charbon;hard_coal_old_2;base;2026;2640;2025
it;thermal;fioul;heavy_oil_old_1;base;2026;0;2025
it;thermal;gaz;gas_small;base;2026;2410,65;2025
lu_be;thermal;gaz;gas_pcomp_mid;base;2026;0;2025
lu_be;thermal;gaz;gas_pcomp_peak;base;2026;0;2025
lu_be;thermal;gaz;gas_small;base;2026;20;2025
ni;thermal;gaz;gas_pcomp_mid;base;2026;0;2025
ni;thermal;gaz;gas_pcomp_peak;base;2026;0;2025
ni;thermal;effacement;dsr;base;2026;150;2025
ni;thermal;gaz;biogas;base;2026;0;2025
ni;thermal;gaz;gas_ccgt_new;base;2026;987;2025
ni;thermal;gaz;gas_conventional_old_1;base;2026;0;2025
ni;thermal;gaz;gas_ocgt_new;base;2026;15;2025
ni;thermal;gaz;gas_ocgt_old;base;2026;0,1;2025
ni;thermal;charbon;hard_coal_old_1;base;2026;0;2025
ni;thermal;fioul;heavy_oil_old_1;base;2026;0;2025
ni;thermal;fioul;light_oil;base;2026;304;2025
ni;thermal;lignite;lignite_new;base;2026;0;2025
ni;thermal;autre;other;base;2026;0,2;2025
nl;thermal;gaz;gas_pcomp_mid;base;2026;0;2025
nl;thermal;gaz;gas_pcomp_peak;base;2026;0;2025
nl;thermal;gaz;gas_small;base;2026;4000;2025
nl;thermal;gaz;gas_ccgt_new;base;2026;4328;2025
nl;thermal;gaz;gas_ccgt_old_1;base;2026;2254;2025
nl;thermal;gaz;gas_ccgt_old_2;base;2026;870;2025
nl;thermal;gaz;gas_conventional_old_1;base;2026;459;2025
nl;thermal;gaz;gas_conventional_old_2;base;2026;375;2025
nl;thermal;gaz;gas_ocgt_new;base;2026;170;2025
nl;thermal;gaz;gas_ocgt_old;base;2026;700;2025
nl;thermal;charbon;hard_coal_new;base;2026;3454;2025
nl;thermal;charbon;hard_coal_old_2;base;2026;1230;2025
nl;nuclear;nuclaire;nuclear;base;2026;479;2025
pt;thermal;gaz;gas_ccgt_old_1;base;2026;990;2025
pt;thermal;gaz;gas_ccgt_old_2;base;2026;2140;2025
pt;thermal;gaz;gas_ccgt_new;base;2026;1230;2025
pt;thermal;charbon;hard_coal_old_2;base;2026;0;2025
pt;thermal;gaz;gas_small;base;2026;350,83;2025
pt;thermal;gaz;gas_pcomp_mid;base;2026;0;2025
pt;thermal;gaz;gas_pcomp_peak;base;2026;0;2025
fr;thermal;gaz;gas_pcomp_mid;ampere;2026;0;2025
fr;thermal;gaz;gas_pcomp_peak;ampere;2026;0;2025
fr;thermal;effacement;dsr_short;ampere;2026;2250;2025
fr;thermal;effacement;dsr_long;ampere;2026;2250;2025
fr;thermal;gaz;gas_cogen;ampere;2026;4351;2025
fr;thermal;gaz;gas_other;ampere;2026;184;2025
fr;thermal;fioul;oil_cogen;ampere;2026;458;2025
fr;thermal;fioul;oil_other;ampere;2026;500;2025
fr;nuclear;nuclaire;nuclear_cp0_cp_cp2;ampere;2026;20875;2025
fr;nuclear;nuclaire;nuclear_n4;ampere;2026;5990;2025
fr;nuclear;nuclaire;nuclear_p4;ampere;2026;26370;2025
fr;nuclear;nuclaire;nuclear_epr;ampere;2026;1650;2025
fr;thermal;fioul;heavy_oil_old_1;ampere;2026;0;2025
fr;thermal;charbon;hard_coal_old_1;ampere;2026;0;2025
fr;thermal;gaz;gas_ccgt_new;ampere;2026;5879,2;2025
fr;thermal;gaz;gas_ccgt_new_dk6;ampere;2026;808;2025
fr;thermal;fioul;light_oil;ampere;2026;990;2025
fr;thermal;gaz;gas_ocgt_new;ampere;2026;445,7;2025
fr;thermal;gaz;gas_ocgt_old;ampere;2026;203,3;2025
fr;thermal;gaz;gas_pcomp_mid;hertz;2026;500;2025
fr;thermal;gaz;gas_pcomp_peak;hertz;2026;6000;2025
fr;thermal;effacement;dsr_short;hertz;2026;3000;2025
fr;thermal;effacement;dsr_long;hertz;2026;3000;2025
fr;thermal;gaz;gas_cogen;hertz;2026;4351;2025
fr;thermal;gaz;gas_other;hertz;2026;184;2025
fr;thermal;fioul;oil_cogen;hertz;2026;458;2025
fr;thermal;fioul;oil_other;hertz;2026;500;2025
fr;nuclear;nuclaire;nuclear_cp0_cp_cp2;hertz;2026;14515;2025
fr;nuclear;nuclaire;nuclear_n4;hertz;2026;5990;2025
fr;nuclear;nuclaire;nuclear_p4;hertz;2026;26370;2025
fr;nuclear;nuclaire;nuclear_epr;hertz;2026;1650;2025
fr;thermal;fioul;heavy_oil_old_1;hertz;2026;0;2025
fr;thermal;charbon;hard_coal_old_1;hertz;2026;0;2025
fr;thermal;gaz;gas_ccgt_new;hertz;2026;5879,2;2025
fr;thermal;gaz;gas_ccgt_new_dk6;hertz;2026;808;2025
fr;thermal;fioul;light_oil;hertz;2026;990;2025
fr;thermal;gaz;gas_ocgt_new;hertz;2026;445,7;2025
fr;thermal;gaz;gas_ocgt_old;hertz;2026;203,3;2025
fr;thermal;gaz;gas_pcomp_mid;volt;2026;0;2025
fr;thermal;gaz;gas_pcomp_peak;volt;2026;0;2025
fr;thermal;effacement;dsr_short;volt;2026;1655;2025
fr;thermal;effacement;dsr_long;volt;2026;845;2025
fr;thermal;gaz;gas_cogen;volt;2026;3551;2025
fr;thermal;gaz;gas_other;volt;2026;184;2025
fr;thermal;fioul;oil_cogen;volt;2026;458;2025
fr;thermal;fioul;oil_other;volt;2026;500;2025
fr;nuclear;nuclaire;nuclear_cp0_cp_cp2;volt;2026;27220;2025
fr;nuclear;nuclaire;nuclear_n4;volt;2026;5990;2025
fr;nuclear;nuclaire;nuclear_p4;volt;2026;26370;2025
fr;nuclear;nuclaire;nuclear_epr;volt;2026;1650;2025
fr;thermal;fioul;heavy_oil_old_1;volt;2026;0;2025
fr;thermal;charbon;hard_coal_old_1;volt;2026;0;2025
fr;thermal;gaz;gas_ccgt_new;volt;2026;5879,2;2025
fr;thermal;gaz;gas_ccgt_new_dk6;volt;2026;808;2025
fr;thermal;fioul;light_oil;volt;2026;990;2025
fr;thermal;gaz;gas_ocgt_new;volt;2026;445,7;2025
fr;thermal;gaz;gas_ocgt_old;volt;2026;203,3;2025
fr;thermal;gaz;gas_pcomp_mid;watt;2026;1000;2025
fr;thermal;gaz;gas_pcomp_peak;watt;2026;2600;2025
fr;thermal;effacement;dsr_short;watt;2026;3000;2025
fr;thermal;effacement;dsr_long;watt;2026;3000;2025
fr;thermal;gaz;gas_cogen;watt;2026;4351;2025
fr;thermal;gaz;gas_other;watt;2026;184;2025
fr;thermal;fioul;oil_cogen;watt;2026;458;2025
fr;thermal;fioul;oil_other;watt;2026;500;2025
fr;nuclear;nuclaire;nuclear_cp0_cp_cp2;watt;2026;9100;2025
fr;nuclear;nuclaire;nuclear_n4;watt;2026;5990;2025
fr;nuclear;nuclaire;nuclear_p4;watt;2026;26370;2025
fr;nuclear;nuclaire;nuclear_epr;watt;2026;1650;2025
fr;thermal;fioul;heavy_oil_old_1;watt;2026;0;2025
fr;thermal;charbon;hard_coal_old_1;watt;2026;2340;2025
fr;thermal;gaz;gas_ccgt_new;watt;2026;5879,2;2025
fr;thermal;gaz;gas_ccgt_new_dk6;watt;2026;808;2025
fr;thermal;fioul;light_oil;watt;2026;990;2025
fr;thermal;gaz;gas_ocgt_new;watt;2026;445,7;2025
fr;thermal;gaz;gas_ocgt_old;watt;2026;203,3;2025
at;thermal;gaz;gas_pcomp_mid;base;2031;0;2030
at;thermal;gaz;gas_pcomp_peak;base;2031;0;2030
at;thermal;gaz;gas_ccgt_new;base;2031;2044;2030
at;thermal;gaz;gas_ccgt_old_1;base;2031;168,1;2030
at;thermal;gaz;gas_ccgt_old_2;base;2031;1035,36;2030
at;thermal;gaz;gas_conventional_old_1;base;2031;0;2030
at;thermal;gaz;gas_conventional_old_2;base;2031;910;2030
at;thermal;gaz;gas_ocgt_old;base;2031;95,5;2030
at;thermal;charbon;hard_coal_new;base;2031;0;2030
at;thermal;charbon;hard_coal_old_2;base;2031;0;2030
be;thermal;gaz;gas_pcomp_mid;base;2031;0;2030
be;thermal;gaz;gas_pcomp_peak;base;2031;0;2030
be;thermal;gaz;gas_small_cipu;base;2031;560;2030
be;thermal;gaz;gas_small_non_cipu;base;2031;1157;2030
be;thermal;gaz;reserve;base;2031;0;2030
be;thermal;gaz;gas_ccgt_new;base;2031;2672;2030
be;thermal;gaz;gas_ccgt_old_1;base;2031;357;2030
be;thermal;gaz;gas_ccgt_old_2;base;2031;770;2030
be;thermal;gaz;gas_conventional_old_2;base;2031;305;2030
be;thermal;gaz;gas_ocgt_new;base;2031;305;2030
be;thermal;gaz;gas_ocgt_old;base;2031;300;2030
be;nuclear;nuclaire;nuclear;base;2031;0;2030
ch;thermal;gaz;gas_pcomp_mid;base;2031;0;2030
ch;thermal;gaz;gas_pcomp_peak;base;2031;0;2030
ch;thermal;gaz;gas_small;base;2031;870;2030
ch;nuclear;nuclaire;nuclear;base;2031;1160;2030
de;thermal;gaz;gas_pcomp_mid;base;2031;0;2030
de;thermal;gaz;gas_pcomp_peak;base;2031;0;2030
de;thermal;effacement;dsr;base;2031;2500;2030
de;thermal;lignite;climate_reserve;base;2031;0;2030
de;thermal;autre;grid_reserve;base;2031;4847;2030
de;thermal;gaz;gas_cogen;base;2031;6800;2030
de;thermal;gaz;gas_ccgt_new;base;2031;9221,502;2030
de;thermal;gaz;gas_ccgt_old_1;base;2031;0;2030
de;thermal;gaz;gas_ccgt_old_2;base;2031;3501,798;2030
de;thermal;gaz;gas_conventional_new;base;2031;517,4;2030
de;thermal;gaz;gas_conventional_old_1;base;2031;110,76;2030
de;thermal;gaz;gas_conventional_old_2;base;2031;77,9;2030
de;thermal;gaz;gas_ocgt_new;base;2031;868,213;2030
de;thermal;gaz;gas_ocgt_old;base;2031;1014,159;2030
de;thermal;charbon;hard_coal_new;base;2031;8012;2030
de;thermal;charbon;hard_coal_old_1;base;2031;2904,3;2030
de;thermal;charbon;hard_coal_old_2;base;2031;2665;2030
de;thermal;fioul;heavy_oil_new;base;2031;15,1;2030
de;thermal;fioul;heavy_oil_old_1;base;2031;182,69;2030
de;thermal;fioul;heavy_oil_old_2;base;2031;344,76;2030
de;thermal;fioul;light_oil;base;2031;289,4;2030
de;thermal;lignite;lignite_new;base;2031;6074,3;2030
de;thermal;lignite;lignite_old_1;base;2031;1950,3;2030
de;thermal;lignite;lignite_old_2;base;2031;2650,8;2030
de;nuclear;nuclaire;nuclear;base;2031;0;2030
de;thermal;autre;other;base;2031;373,5;2030
es;thermal;gaz;gas_ccgt_old_1;base;2031;0;2030
es;thermal;gaz;gas_ccgt_old_2;base;2031;21460;2030
es;thermal;gaz;gas_ccgt_new;base;2031;3361;2030
es;thermal;gaz;gas_ocgt_old;base;2031;177;2030
es;thermal;charbon;hard_coal_old_1;base;2031;0;2030
es;thermal;charbon;hard_coal_old_2;base;2031;1118;2030
es;thermal;fioul;heavy_oil_old_1;base;2031;0;2030
es;thermal;lignite;lignite_old_1;base;2031;0;2030
es;thermal;lignite;lignite_old_2;base;2031;0;2030
es;nuclear;nuclaire;nuclear;base;2031;5069;2030
es;thermal;gaz;gas_ccgt_old_2_RESERVE;base;2031;0;2030
es;thermal;gaz;gas_small;base;2031;4918;2030
gb;thermal;gaz;gas_pcomp_mid;base;2031;0;2030
gb;thermal;gaz;gas_pcomp_peak;base;2031;0;2030
gb;thermal;effacement;dsr;base;2031;2000;2030
gb;thermal;autre;sbr;base;2031;0;2030
gb;thermal;gaz;gas_cogen_other;base;2031;2500;2030
gb;thermal;gaz;gas_ccgt_new;base;2031;20525,25;2030
gb;thermal;gaz;gas_ccgt_old_2;base;2031;7890;2030
gb;thermal;gaz;gas_cogen;base;2031;483;2030
gb;thermal;gaz;gas_conventional_new;base;2031;52;2030
gb;thermal;gaz;gas_conventional_old_1;base;2031;0;2030
gb;thermal;gaz;gas_ocgt_new;base;2031;780,3;2030
gb;thermal;gaz;gas_ocgt_old;base;2031;335,306;2030
gb;thermal;charbon;hard_coal_new;base;2031;0;2030
gb;thermal;charbon;hard_coal_old_1;base;2031;0;2030
gb;thermal;charbon;hard_coal_old_2;base;2031;0;2030
gb;thermal;fioul;heavy_oil_old_1;base;2031;0;2030
gb;thermal;fioul;heavy_oil_old_2;base;2031;0;2030
gb;thermal;fioul;light_oil;base;2031;280,2;2030
gb;nuclear;nuclaire;nuclear;base;2031;4538;2030
gb;thermal;autre;other;base;2031;0;2030
ie;thermal;gaz;gas_pcomp_mid;base;2031;0;2030
ie;thermal;gaz;gas_pcomp_peak;base;2031;0;2030
ie;thermal;effacement;dsr;base;2031;270;2030
ie;thermal;gaz;gas_cogen;base;2031;148,399;2030
ie;thermal;gaz;gas_ccgt_new;base;2031;3297;2030
ie;thermal;gaz;gas_conventional_old_1;base;2031;0;2030
ie;thermal;gaz;gas_ocgt_old;base;2031;0;2030
ie;thermal;gaz;gas_ocgt_new;base;2031;56;2030
ie;thermal;lignite;lignite_old_1;base;2031;0;2030
ie;thermal;charbon;hard_coal_old_1;base;2031;570;2030
ie;thermal;gaz;biogas;base;2031;7,54;2030
ie;thermal;lignite;lignite_new;base;2031;137;2030
ie;thermal;fioul;light_oil;base;2031;324;2030
ie;thermal;fioul;heavy_oil_old_1;base;2031;0;2030
ie;thermal;gaz;gas_ccgt_old_1;base;2031;0;2030
it;thermal;gaz;gas_ccgt_old_1;base;2031;2361;2030
it;thermal;gaz;gas_ccgt_old_2;base;2031;27753,8;2030
it;thermal;gaz;gas_ccgt_new;base;2031;4918;2030
it;thermal;gaz;gas_conventional_old_1;base;2031;0;2030
it;thermal;gaz;gas_ocgt_new;base;2031;80;2030
it;thermal;gaz;gas_ocgt_old;base;2031;344;2030
it;thermal;charbon;hard_coal_new;base;2031;1980;2030
it;thermal;charbon;hard_coal_old_1;base;2031;0;2030
it;thermal;charbon;hard_coal_old_2;base;2031;2640;2030
it;thermal;fioul;heavy_oil_old_1;base;2031;0;2030
it;thermal;gaz;gas_small;base;2031;2330,65;2030
lu_be;thermal;gaz;gas_pcomp_mid;base;2031;0;2030
lu_be;thermal;gaz;gas_pcomp_peak;base;2031;0;2030
lu_be;thermal;gaz;gas_small;base;2031;20;2030
ni;thermal;gaz;gas_pcomp_mid;base;2031;0;2030
ni;thermal;gaz;gas_pcomp_peak;base;2031;0;2030
ni;thermal;effacement;dsr;base;2031;150;2030
ni;thermal;gaz;biogas;base;2031;0;2030
ni;thermal;gaz;gas_ccgt_new;base;2031;987;2030
ni;thermal;gaz;gas_conventional_old_1;base;2031;0;2030
ni;thermal;gaz;gas_ocgt_new;base;2031;15;2030
ni;thermal;gaz;gas_ocgt_old;base;2031;0,1;2030
ni;thermal;charbon;hard_coal_old_1;base;2031;0;2030
ni;thermal;fioul;heavy_oil_old_1;base;2031;0;2030
ni;thermal;fioul;light_oil;base;2031;104;2030
ni;thermal;lignite;lignite_new;base;2031;0;2030
ni;thermal;autre;other;base;2031;0;2030
nl;thermal;gaz;gas_pcomp_mid;base;2031;0;2030
nl;thermal;gaz;gas_pcomp_peak;base;2031;0;2030
nl;thermal;gaz;gas_small;base;2031;3500;2030
nl;thermal;gaz;gas_ccgt_new;base;2031;4328;2030
nl;thermal;gaz;gas_ccgt_old_1;base;2031;1827;2030
nl;thermal;gaz;gas_ccgt_old_2;base;2031;870;2030
nl;thermal;gaz;gas_conventional_old_1;base;2031;0;2030
nl;thermal;gaz;gas_conventional_old_2;base;2031;0;2030
nl;thermal;gaz;gas_ocgt_new;base;2031;170;2030
nl;thermal;gaz;gas_ocgt_old;base;2031;534;2030
nl;thermal;charbon;hard_coal_new;base;2031;3454;2030
nl;thermal;charbon;hard_coal_old_2;base;2031;1230;2030
nl;nuclear;nuclaire;nuclear;base;2031;479;2030
pt;thermal;gaz;gas_ccgt_old_1;base;2031;990;2030
pt;thermal;gaz;gas_ccgt_old_2;base;2031;2140;2030
pt;thermal;gaz;gas_ccgt_new;base;2031;2430;2030
pt;thermal;charbon;hard_coal_old_2;base;2031;0;2030
pt;thermal;gaz;gas_small;base;2031;310,83;2030
pt;thermal;gaz;gas_pcomp_mid;base;2031;0;2030
pt;thermal;gaz;gas_pcomp_peak;base;2031;0;2030
fr;thermal;gaz;gas_pcomp_mid;ampere;2031;0;2030
fr;thermal;gaz;gas_pcomp_peak;ampere;2031;0;2030
fr;thermal;effacement;dsr_short;ampere;2031;1655;2030
fr;thermal;effacement;dsr_long;ampere;2031;845;2030
fr;thermal;gaz;gas_cogen;ampere;2031;4351;2030
fr;thermal;gaz;gas_other;ampere;2031;184;2030
fr;thermal;fioul;oil_cogen;ampere;2031;458;2030
fr;thermal;fioul;oil_other;ampere;2031;500;2030
fr;nuclear;nuclaire;nuclear_cp0_cp_cp2;ampere;2031;14505;2030
fr;nuclear;nuclaire;nuclear_n4;ampere;2031;5990;2030
fr;nuclear;nuclaire;nuclear_p4;ampere;2031;26370;2030
fr;nuclear;nuclaire;nuclear_epr;ampere;2031;1650;2030
fr;thermal;fioul;heavy_oil_old_1;ampere;2031;0;2030
fr;thermal;charbon;hard_coal_old_1;ampere;2031;0;2030
fr;thermal;gaz;gas_ccgt_new;ampere;2031;5879,2;2030
fr;thermal;gaz;gas_ccgt_new_dk6;ampere;2031;808;2030
fr;thermal;fioul;light_oil;ampere;2031;990;2030
fr;thermal;gaz;gas_ocgt_new;ampere;2031;445,7;2030
fr;thermal;gaz;gas_ocgt_old;ampere;2031;203,3;2030
fr;thermal;gaz;gas_pcomp_mid;hertz;2031;500;2030
fr;thermal;gaz;gas_pcomp_peak;hertz;2031;8000;2030
fr;thermal;effacement;dsr_short;hertz;2031;3000;2030
fr;thermal;effacement;dsr_long;hertz;2031;3000;2030
fr;thermal;gaz;gas_cogen;hertz;2031;4351;2030
fr;thermal;gaz;gas_other;hertz;2031;184;2030
fr;thermal;fioul;oil_cogen;hertz;2031;458;2030
fr;thermal;fioul;oil_other;hertz;2031;500;2030
fr;nuclear;nuclaire;nuclear_cp0_cp_cp2;hertz;2031;9050;2030
fr;nuclear;nuclaire;nuclear_n4;hertz;2031;5990;2030
fr;nuclear;nuclaire;nuclear_p4;hertz;2031;22410;2030
fr;nuclear;nuclaire;nuclear_epr;hertz;2031;1650;2030
fr;thermal;fioul;heavy_oil_old_1;hertz;2031;0;2030
fr;thermal;charbon;hard_coal_old_1;hertz;2031;0;2030
fr;thermal;gaz;gas_ccgt_new;hertz;2031;5879,2;2030
fr;thermal;gaz;gas_ccgt_new_dk6;hertz;2031;808;2030
fr;thermal;fioul;light_oil;hertz;2031;990;2030
fr;thermal;gaz;gas_ocgt_new;hertz;2031;445,7;2030
fr;thermal;gaz;gas_ocgt_old;hertz;2031;203,3;2030
fr;thermal;gaz;gas_pcomp_mid;volt;2031;0;2030
fr;thermal;gaz;gas_pcomp_peak;volt;2031;0;2030
fr;thermal;effacement;dsr_short;volt;2031;1655;2030
fr;thermal;effacement;dsr_long;volt;2031;845;2030
fr;thermal;gaz;gas_cogen;volt;2031;1551;2030
fr;thermal;gaz;gas_other;volt;2031;184;2030
fr;thermal;fioul;oil_cogen;volt;2031;458;2030
fr;thermal;fioul;oil_other;volt;2031;500;2030
fr;nuclear;nuclaire;nuclear_cp0_cp_cp2;volt;2031;23585;2030
fr;nuclear;nuclaire;nuclear_n4;volt;2031;5990;2030
fr;nuclear;nuclaire;nuclear_p4;volt;2031;26370;2030
fr;nuclear;nuclaire;nuclear_epr;volt;2031;1650;2030
fr;thermal;fioul;heavy_oil_old_1;volt;2031;0;2030
fr;thermal;charbon;hard_coal_old_1;volt;2031;0;2030
fr;thermal;gaz;gas_ccgt_new;volt;2031;5879,2;2030
fr;thermal;gaz;gas_ccgt_new_dk6;volt;2031;808;2030
fr;thermal;fioul;light_oil;volt;2031;990;2030
fr;thermal;gaz;gas_ocgt_new;volt;2031;445,7;2030
fr;thermal;gaz;gas_ocgt_old;volt;2031;203,3;2030
fr;thermal;gaz;gas_pcomp_mid;watt;2031;1500;2030
fr;thermal;gaz;gas_pcomp_peak;watt;2031;10000;2030
fr;thermal;effacement;dsr_short;watt;2031;3000;2030
fr;thermal;effacement;dsr_long;watt;2031;3000;2030
fr;thermal;gaz;gas_cogen;watt;2031;4351;2030
fr;thermal;gaz;gas_other;watt;2031;184;2030
fr;thermal;fioul;oil_cogen;watt;2031;458;2030
fr;thermal;fioul;oil_other;watt;2031;500;2030
fr;nuclear;nuclaire;nuclear_cp0_cp_cp2;watt;2031;905;2030
fr;nuclear;nuclaire;nuclear_n4;watt;2031;5990;2030
fr;nuclear;nuclaire;nuclear_p4;watt;2031;10520;2030
fr;nuclear;nuclaire;nuclear_epr;watt;2031;1650;2030
fr;thermal;fioul;heavy_oil_old_1;watt;2031;0;2030
fr;thermal;charbon;hard_coal_old_1;watt;2031;1740;2030
fr;thermal;gaz;gas_ccgt_new;watt;2031;5879,2;2030
fr;thermal;gaz;gas_ccgt_new_dk6;watt;2031;808;2030
fr;thermal;fioul;light_oil;watt;2031;990;2030
fr;thermal;gaz;gas_ocgt_new;watt;2031;445,7;2030
fr;thermal;gaz;gas_ocgt_old;watt;2031;203,3;2030
at;thermal;gaz;gas_pcomp_mid;base;2036;0;2035
at;thermal;gaz;gas_pcomp_peak;base;2036;0;2035
at;thermal;gaz;gas_ccgt_new;base;2036;2044;2035
at;thermal;gaz;gas_ccgt_old_1;base;2036;55,5;2035
at;thermal;gaz;gas_ccgt_old_2;base;2036;1035,36;2035
at;thermal;gaz;gas_conventional_old_1;base;2036;0;2035
at;thermal;gaz;gas_conventional_old_2;base;2036;910;2035
at;thermal;gaz;gas_ocgt_old;base;2036;0;2035
at;thermal;charbon;hard_coal_new;base;2036;0;2035
at;thermal;charbon;hard_coal_old_2;base;2036;0;2035
be;thermal;gaz;gas_pcomp_mid;base;2036;0;2035
be;thermal;gaz;gas_pcomp_peak;base;2036;0;2035
be;thermal;gaz;gas_small_cipu;base;2036;560;2035
be;thermal;gaz;gas_small_non_cipu;base;2036;1157;2035
be;thermal;gaz;reserve;base;2036;0;2035
be;thermal;gaz;gas_ccgt_new;base;2036;2672;2035
be;thermal;gaz;gas_ccgt_old_1;base;2036;357;2035
be;thermal;gaz;gas_ccgt_old_2;base;2036;770;2035
be;thermal;gaz;gas_conventional_old_2;base;2036;305;2035
be;thermal;gaz;gas_ocgt_new;base;2036;305;2035
be;thermal;gaz;gas_ocgt_old;base;2036;300;2035
be;nuclear;nuclaire;nuclear;base;2036;0;2035
ch;thermal;gaz;gas_pcomp_mid;base;2036;0;2035
ch;thermal;gaz;gas_pcomp_peak;base;2036;0;2035
ch;thermal;gaz;gas_small;base;2036;950;2035
ch;nuclear;nuclaire;nuclear;base;2036;0;2035
de;thermal;gaz;gas_pcomp_mid;base;2036;0;2035
de;thermal;gaz;gas_pcomp_peak;base;2036;0;2035
de;thermal;effacement;dsr;base;2036;2500;2035
de;thermal;lignite;climate_reserve;base;2036;0;2035
de;thermal;autre;grid_reserve;base;2036;0;2035
de;thermal;gaz;gas_cogen;base;2036;6800;2035
de;thermal;gaz;gas_ccgt_new;base;2036;10612,502;2035
de;thermal;gaz;gas_ccgt_old_1;base;2036;335;2035
de;thermal;gaz;gas_ccgt_old_2;base;2036;2462,598;2035
de;thermal;gaz;gas_conventional_new;base;2036;517,4;2035
de;thermal;gaz;gas_conventional_old_1;base;2036;1055;2035
de;thermal;gaz;gas_conventional_old_2;base;2036;77,9;2035
de;thermal;gaz;gas_ocgt_new;base;2036;1057,413;2035
de;thermal;gaz;gas_ocgt_old;base;2036;863,589;2035
de;thermal;charbon;hard_coal_new;base;2036;8012;2035
de;thermal;charbon;hard_coal_old_1;base;2036;494;2035
de;thermal;charbon;hard_coal_old_2;base;2036;2430,1;2035
de;thermal;fioul;heavy_oil_new;base;2036;15,1;2035
de;thermal;fioul;heavy_oil_old_1;base;2036;772;2035
de;thermal;fioul;heavy_oil_old_2;base;2036;319;2035
de;thermal;fioul;light_oil;base;2036;131,4;2035
de;thermal;lignite;lignite_new;base;2036;6074,3;2035
de;thermal;lignite;lignite_old_1;base;2036;90,3;2035
de;thermal;lignite;lignite_old_2;base;2036;2650,8;2035
de;nuclear;nuclaire;nuclear;base;2036;0;2035
de;thermal;autre;other;base;2036;373,5;2035
es;thermal;gaz;gas_ccgt_old_1;base;2036;0;2035
es;thermal;gaz;gas_ccgt_old_2;base;2036;21460;2035
es;thermal;gaz;gas_ccgt_new;base;2036;3361;2035
es;thermal;gaz;gas_ocgt_old;base;2036;177;2035
es;thermal;charbon;hard_coal_old_1;base;2036;0;2035
es;thermal;charbon;hard_coal_old_2;base;2036;1118;2035
es;thermal;fioul;heavy_oil_old_1;base;2036;0;2035
es;thermal;lignite;lignite_old_1;base;2036;0;2035
es;thermal;lignite;lignite_old_2;base;2036;0;2035
es;nuclear;nuclaire;nuclear;base;2036;2078;2035
es;thermal;gaz;gas_ccgt_old_2_RESERVE;base;2036;0;2035
es;thermal;gaz;gas_small;base;2036;4918;2035
gb;thermal;gaz;gas_pcomp_mid;base;2036;0;2035
gb;thermal;gaz;gas_pcomp_peak;base;2036;0;2035
gb;thermal;effacement;dsr;base;2036;2000;2035
gb;thermal;autre;sbr;base;2036;0;2035
gb;thermal;gaz;gas_cogen_other;base;2036;2500;2035
gb;thermal;gaz;gas_ccgt_new;base;2036;20925,25;2035
gb;thermal;gaz;gas_ccgt_old_2;base;2036;3600;2035
gb;thermal;gaz;gas_cogen;base;2036;91,6;2035
gb;thermal;gaz;gas_conventional_new;base;2036;52;2035
gb;thermal;gaz;gas_conventional_old_1;base;2036;0;2035
gb;thermal;gaz;gas_ocgt_new;base;2036;780,3;2035
gb;thermal;gaz;gas_ocgt_old;base;2036;276,906;2035
gb;thermal;charbon;hard_coal_new;base;2036;0;2035
gb;thermal;charbon;hard_coal_old_1;base;2036;0;2035
gb;thermal;charbon;hard_coal_old_2;base;2036;0;2035
gb;thermal;fioul;heavy_oil_old_1;base;2036;0;2035
gb;thermal;fioul;heavy_oil_old_2;base;2036;0;2035
gb;thermal;fioul;light_oil;base;2036;233,8;2035
gb;nuclear;nuclaire;nuclear;base;2036;4538;2035
gb;thermal;autre;other;base;2036;0;2035
ie;thermal;gaz;gas_pcomp_mid;base;2036;0;2035
ie;thermal;gaz;gas_pcomp_peak;base;2036;0;2035
ie;thermal;effacement;dsr;base;2036;270;2035
ie;thermal;gaz;gas_cogen;base;2036;140;2035
ie;thermal;gaz;gas_ccgt_new;base;2036;3297;2035
ie;thermal;gaz;gas_conventional_old_1;base;2036;0;2035
ie;thermal;gaz;gas_ocgt_old;base;2036;0;2035
ie;thermal;gaz;gas_ocgt_new;base;2036;56;2035
ie;thermal;lignite;lignite_old_1;base;2036;0;2035
ie;thermal;charbon;hard_coal_old_1;base;2036;0;2035
ie;thermal;gaz;biogas;base;2036;0;2035
ie;thermal;lignite;lignite_new;base;2036;137;2035
ie;thermal;fioul;light_oil;base;2036;324;2035
ie;thermal;fioul;heavy_oil_old_1;base;2036;0;2035
ie;thermal;gaz;gas_ccgt_old_1;base;2036;0;2035
it;thermal;gaz;gas_ccgt_old_1;base;2036;1823;2035
it;thermal;gaz;gas_ccgt_old_2;base;2036;27753,8;2035
it;thermal;gaz;gas_ccgt_new;base;2036;4918;2035
it;thermal;gaz;gas_conventional_old_1;base;2036;0;2035
it;thermal;gaz;gas_ocgt_new;base;2036;80;2035
it;thermal;gaz;gas_ocgt_old;base;2036;0;2035
it;thermal;charbon;hard_coal_new;base;2036;1980;2035
it;thermal;charbon;hard_coal_old_1;base;2036;0;2035
it;thermal;charbon;hard_coal_old_2;base;2036;2640;2035
it;thermal;fioul;heavy_oil_old_1;base;2036;0;2035
it;thermal;gaz;gas_small;base;2036;2330,65;2035
lu_be;thermal;gaz;gas_pcomp_mid;base;2036;0;2035
lu_be;thermal;gaz;gas_pcomp_peak;base;2036;0;2035
lu_be;thermal;gaz;gas_small;base;2036;20;2035
ni;thermal;gaz;gas_pcomp_mid;base;2036;0;2035
ni;thermal;gaz;gas_pcomp_peak;base;2036;0;2035
ni;thermal;effacement;dsr;base;2036;150;2035
ni;thermal;gaz;biogas;base;2036;0;2035
ni;thermal;gaz;gas_ccgt_new;base;2036;987;2035
ni;thermal;gaz;gas_conventional_old_1;base;2036;0;2035
ni;thermal;gaz;gas_ocgt_new;base;2036;15;2035
ni;thermal;gaz;gas_ocgt_old;base;2036;0,1;2035
ni;thermal;charbon;hard_coal_old_1;base;2036;0;2035
ni;thermal;fioul;heavy_oil_old_1;base;2036;0;2035
ni;thermal;fioul;light_oil;base;2036;104;2035
ni;thermal;lignite;lignite_new;base;2036;0;2035
ni;thermal;autre;other;base;2036;0;2035
nl;thermal;gaz;gas_pcomp_mid;base;2036;0;2035
nl;thermal;gaz;gas_pcomp_peak;base;2036;0;2035
nl;thermal;gaz;gas_small;base;2036;3500;2035
nl;thermal;gaz;gas_ccgt_new;base;2036;4328;2035
nl;thermal;gaz;gas_ccgt_old_1;base;2036;1357;2035
nl;thermal;gaz;gas_ccgt_old_2;base;2036;870;2035
nl;thermal;gaz;gas_conventional_old_1;base;2036;0;2035
nl;thermal;gaz;gas_conventional_old_2;base;2036;0;2035
nl;thermal;gaz;gas_ocgt_new;base;2036;170;2035
nl;thermal;gaz;gas_ocgt_old;base;2036;220,3;2035
nl;thermal;charbon;hard_coal_new;base;2036;3454;2035
nl;thermal;charbon;hard_coal_old_2;base;2036;1230;2035
nl;nuclear;nuclaire;nuclear;base;2036;0;2035
pt;thermal;gaz;gas_ccgt_old_1;base;2036;990;2035
pt;thermal;gaz;gas_ccgt_old_2;base;2036;2140;2035
pt;thermal;gaz;gas_ccgt_new;base;2036;2430;2035
pt;thermal;charbon;hard_coal_old_2;base;2036;0;2035
pt;thermal;gaz;gas_small;base;2036;310,83;2035
pt;thermal;gaz;gas_pcomp_mid;base;2036;0;2035
pt;thermal;gaz;gas_pcomp_peak;base;2036;0;2035
fr;thermal;gaz;gas_pcomp_mid;ampere;2036;0;2035
fr;thermal;gaz;gas_pcomp_peak;ampere;2036;0;2035
fr;thermal;effacement;dsr_short;ampere;2036;1655;2035
fr;thermal;effacement;dsr_long;ampere;2036;845;2035
fr;thermal;gaz;gas_cogen;ampere;2036;4351;2035
fr;thermal;gaz;gas_other;ampere;2036;184;2035
fr;thermal;fioul;oil_cogen;ampere;2036;458;2035
fr;thermal;fioul;oil_other;ampere;2036;500;2035
fr;nuclear;nuclaire;nuclear_cp0_cp_cp2;ampere;2036;14505;2035
fr;nuclear;nuclaire;nuclear_n4;ampere;2036;5990;2035
fr;nuclear;nuclaire;nuclear_p4;ampere;2036;26370;2035
fr;nuclear;nuclaire;nuclear_epr;ampere;2036;1650;2035
fr;thermal;fioul;heavy_oil_old_1;ampere;2036;0;2035
fr;thermal;charbon;hard_coal_old_1;ampere;2036;0;2035
fr;thermal;gaz;gas_ccgt_new;ampere;2036;5013,2;2035
fr;thermal;gaz;gas_ccgt_new_dk6;ampere;2036;808;2035
fr;thermal;fioul;light_oil;ampere;2036;990;2035
fr;thermal;gaz;gas_ocgt_new;ampere;2036;445,7;2035
fr;thermal;gaz;gas_ocgt_old;ampere;2036;0;2035
fr;thermal;gaz;gas_pcomp_mid;hertz;2036;1000;2035
fr;thermal;gaz;gas_pcomp_peak;hertz;2036;8000;2035
fr;thermal;effacement;dsr_short;hertz;2036;3000;2035
fr;thermal;effacement;dsr_long;hertz;2036;3000;2035
fr;thermal;gaz;gas_cogen;hertz;2036;4351;2035
fr;thermal;gaz;gas_other;hertz;2036;184;2035
fr;thermal;fioul;oil_cogen;hertz;2036;0;2035
fr;thermal;fioul;oil_other;hertz;2036;500;2035
fr;nuclear;nuclaire;nuclear_cp0_cp_cp2;hertz;2036;9050;2035
fr;nuclear;nuclaire;nuclear_n4;hertz;2036;5990;2035
fr;nuclear;nuclaire;nuclear_p4;hertz;2036;22410;2035
fr;nuclear;nuclaire;nuclear_epr;hertz;2036;1650;2035
fr;thermal;fioul;heavy_oil_old_1;hertz;2036;0;2035
fr;thermal;charbon;hard_coal_old_1;hertz;2036;0;2035
fr;thermal;gaz;gas_ccgt_new;hertz;2036;5879,2;2035
fr;thermal;gaz;gas_ccgt_new_dk6;hertz;2036;808;2035
fr;thermal;fioul;light_oil;hertz;2036;990;2035
fr;thermal;gaz;gas_ocgt_new;hertz;2036;445,7;2035
fr;thermal;gaz;gas_ocgt_old;hertz;2036;0;2035
fr;thermal;gaz;gas_pcomp_mid;volt;2036;0;2035
fr;thermal;gaz;gas_pcomp_peak;volt;2036;0;2035
fr;thermal;effacement;dsr_short;volt;2036;1655;2035
fr;thermal;effacement;dsr_long;volt;2036;845;2035
fr;thermal;gaz;gas_cogen;volt;2036;1151;2035
fr;thermal;gaz;gas_other;volt;2036;184;2035
fr;thermal;fioul;oil_cogen;volt;2036;0;2035
fr;thermal;fioul;oil_other;volt;2036;500;2035
fr;nuclear;nuclaire;nuclear_cp0_cp_cp2;volt;2036;20885;2035
fr;nuclear;nuclaire;nuclear_n4;volt;2036;5990;2035
fr;nuclear;nuclaire;nuclear_p4;volt;2036;26370;2035
fr;nuclear;nuclaire;nuclear_epr;volt;2036;1650;2035
fr;thermal;fioul;heavy_oil_old_1;volt;2036;0;2035
fr;thermal;charbon;hard_coal_old_1;volt;2036;0;2035
fr;thermal;gaz;gas_ccgt_new;volt;2036;5879,2;2035
fr;thermal;gaz;gas_ccgt_new_dk6;volt;2036;808;2035
fr;thermal;fioul;light_oil;volt;2036;990;2035
fr;thermal;gaz;gas_ocgt_new;volt;2036;445,7;2035
fr;thermal;gaz;gas_ocgt_old;volt;2036;0;2035
fr;thermal;gaz;gas_pcomp_mid;watt;2036;5800;2035
fr;thermal;gaz;gas_pcomp_peak;watt;2036;10000;2035
fr;thermal;effacement;dsr_short;watt;2036;3000;2035
fr;thermal;effacement;dsr_long;watt;2036;3000;2035
fr;thermal;gaz;gas_cogen;watt;2036;4351;2035
fr;thermal;gaz;gas_other;watt;2036;184;2035
fr;thermal;fioul;oil_cogen;watt;2036;458;2035
fr;thermal;fioul;oil_other;watt;2036;500;2035
fr;nuclear;nuclaire;nuclear_cp0_cp_cp2;watt;2036;0;2035
fr;nuclear;nuclaire;nuclear_n4;watt;2036;5990;2035
fr;nuclear;nuclaire;nuclear_p4;watt;2036;0;2035
fr;nuclear;nuclaire;nuclear_epr;watt;2036;1650;2035
fr;thermal;fioul;heavy_oil_old_1;watt;2036;0;2035
fr;thermal;charbon;hard_coal_old_1;watt;2036;0;2035
fr;thermal;gaz;gas_ccgt_new;watt;2036;5013,2;2035
fr;thermal;gaz;gas_ccgt_new_dk6;watt;2036;808;2035
fr;thermal;fioul;light_oil;watt;2036;990;2035
fr;thermal;gaz;gas_ocgt_new;watt;2036;445,7;2035
fr;thermal;gaz;gas_ocgt_old;watt;2036;0;2035
